Movie_Name,Genre,Ratings,Duration,Voting_counts
Sketch,Adventure,6.9,93.0,2500.0
Dune: Part Two,Adventure,8.5,166.0,662000.0
Freaky Tales,Adventure,6.3,107.0,12000.0
Gladiator II,Adventure,6.5,148.0,271000.0
Deadpool & Wolverine,Adventure,7.5,128.0,525000.0
The Wild Robot,Adventure,8.2,102.0,195000.0
Furiosa: A Mad Max Saga,Adventure,7.5,148.0,300000.0
Kraven the Hunter,Adventure,5.5,127.0,71000.0
Twisters,Adventure,6.5,122.0,182000.0
Flow,Adventure,7.9,85.0,93000.0
Sonic the Hedgehog 3,Adventure,6.9,110.0,71000.0
Kingdom of the Planet of the Apes,Adventure,6.8,145.0,159000.0
Venom: The Last Dance,Adventure,6.0,110.0,139000.0
The Count of Monte-Cristo,Adventure,7.6,178.0,40000.0
Moana 2,Adventure,6.5,100.0,115000.0
The Lord of the Rings: The War of the Rohirrim,Adventure,6.3,134.0,35000.0
The Unholy Trinity,Adventure,5.5,95.0,3200.0
The Return,Adventure,6.2,116.0,12000.0
Mufasa: The Lion King,Adventure,6.6,118.0,75000.0
Inside Out 2,Adventure,7.5,96.0,230000.0
Transformers One,Adventure,7.6,104.0,58000.0
Borderlands,Adventure,4.7,101.0,53000.0
Ghostbusters: Frozen Empire,Adventure,6.1,115.0,98000.0
Godzilla x Kong: The New Empire,Adventure,6.0,115.0,127000.0
Damsel,Adventure,6.1,110.0,113000.0
Despicable Me 4,Adventure,6.2,94.0,71000.0
Bad Boys: Ride or Die,Adventure,6.5,115.0,106000.0
Red One,Adventure,6.3,123.0,145000.0
Paddington in Peru,Adventure,6.6,106.0,29000.0
Please Don't Feed the Children,Adventure,4.7,94.0,875.0
Kung Fu Panda 4,Adventure,6.3,94.0,73000.0
Spaceman,Adventure,5.7,107.0,45000.0
The Courier,Adventure,6.0,101.0,4900.0
Manjummel Boys,Adventure,8.2,135.0,30000.0
Attack on Titan the Movie: The Last Attack,Adventure,9.2,145.0,20000.0
River of Blood,Adventure,4.8,86.0,2500.0
Monster Summer,Adventure,5.7,97.0,5400.0
Atlas,Adventure,5.6,118.0,58000.0
Arthur the King,Adventure,7.0,107.0,36000.0
Solo Leveling: ReAwakening,Adventure,8.8,121.0,15000.0
Uglies,Adventure,4.7,100.0,35000.0
The Garfield Movie,Adventure,5.7,101.0,26000.0
Night of the Zoopocalypse,Adventure,6.0,91.0,1100.0
Devara Part 1,Adventure,6.0,176.0,22000.0
Wallace & Gromit: Vengeance Most Fowl,Adventure,7.5,82.0,38000.0
Escape from the 21st Century,Adventure,6.4,98.0,1200.0
Kalki 2898 AD,Adventure,7.0,180.0,70000.0
Descendants: The Rise of Red,Adventure,4.7,95.0,7600.0
Rebel Moon - Part Two: The Scargiver,Adventure,5.3,122.0,61000.0
Harold and the Purple Crayon,Adventure,5.7,90.0,9200.0
Megamind vs. The Doom Syndicate,Adventure,2.5,83.0,5900.0
Spellbound,Adventure,5.5,109.0,8300.0
Survive,Adventure,4.6,90.0,3800.0
My Penguin Friend,Adventure,6.8,97.0,6200.0
The Day the Earth Blew Up: A Looney Tunes Movie,Adventure,6.8,91.0,7300.0
Orion and the Dark,Adventure,6.3,93.0,18000.0
Demon Slayer: Kimetsu No Yaiba - To the Hashira Training,Adventure,7.2,104.0,9300.0
The Goat Life,Adventure,7.1,173.0,49000.0
No Way Up,Adventure,4.6,90.0,11000.0
Justice League: Crisis on Infinite Earths - Part One,Adventure,6.2,93.0,9200.0
Sasquatch Sunset,Adventure,5.4,88.0,5800.0
Doraemon the Movie: Nobita's Earth Symphony,Adventure,6.6,115.0,1700.0
Family Pack,Adventure,5.5,94.0,10000.0
Lost on a Mountain in Maine,Adventure,6.1,98.0,2200.0
Justice League: Crisis on Infinite Earths - Part Three,Adventure,6.1,94.0,5100.0
Bookworm,Adventure,6.0,103.0,2300.0
Escape,Adventure,6.4,94.0,2400.0
Winner,Adventure,6.5,103.0,2900.0
That Christmas,Adventure,6.8,91.0,17000.0
The Traveller,Adventure,5.2,134.0,249.0
Ultraman: Rising,Adventure,6.9,117.0,6900.0
Kalvan,Adventure,5.6,142.0,1000.0
Justice League: Crisis on Infinite Earths - Part Two,Adventure,5.6,94.0,5900.0
Sunlight,Adventure,6.4,96.0,216.0
Badland Hunters,Adventure,5.9,107.0,13000.0
Something in the Water,Adventure,4.1,86.0,5400.0
The Best Christmas Pageant Ever,Adventure,6.8,99.0,6400.0
The Last Ronin,Adventure,4.9,115.0,663.0
Meanwhile on Earth,Adventure,5.9,89.0,1100.0
A Legend,Adventure,4.7,129.0,1100.0
Cult Killer,Adventure,4.8,105.0,3100.0
My Hero Academia: You're Next,Adventure,7.0,110.0,2900.0
Diving Into the Darkness,Adventure,7.4,96.0,105.0
A.R.M,Adventure,7.1,150.0,9400.0
The Tiger's Apprentice,Adventure,5.8,84.0,2300.0
Crayon Shin-chan: Our Dinosaur Diary,Adventure,6.6,106.0,679.0
Ayalaan,Adventure,5.9,155.0,4100.0
Hitpig,Adventure,5.2,86.0,1200.0
Angels Fallen: Warriors of Peace,Adventure,4.8,103.0,6500.0
Cells at Work!,Adventure,6.7,109.0,1200.0
Never Look Away,Adventure,7.1,85.0,311.0
Bade Miyan Chote Miyan,Adventure,3.8,163.0,40000.0
Buffalo Kids,Adventure,6.6,93.0,847.0
The Great Lillian Hall,Adventure,7.3,110.0,2200.0
Woody Woodpecker Goes to Camp,Adventure,4.5,100.0,2700.0
Saving Bikini Bottom: The Sandy Cheeks Movie,Adventure,3.7,82.0,4200.0
Robin and the Hoods,Adventure,4.3,100.0,559.0
The Last Redemption,Adventure,7.0,122.0,6900.0
200% Wolf,Adventure,5.9,98.0,1400.0
Golden Kamuy,Adventure,6.3,127.0,2700.0
Bambi: A Tale of Life in the Woods,Adventure,5.6,78.0,319.0
"I, the Executioner",Adventure,6.3,118.0,2200.0
Saint-Exupéry,Adventure,5.4,98.0,707.0
Dragonkeeper,Adventure,5.7,98.0,1900.0
Operation: Raqqa,Adventure,5.6,107.0,345.0
The Wages of Fear,Adventure,4.6,104.0,4300.0
The Empire,Adventure,5.2,110.0,1400.0
The Firing Squad,Adventure,5.0,93.0,5100.0
Kanguva,Adventure,4.5,152.0,15000.0
Anaconda,Adventure,4.9,84.0,703.0
Hanu Man,Adventure,7.7,158.0,30000.0
A Sloth Story,Adventure,5.6,90.0,300.0
Autumn and the Black Jaguar,Adventure,5.7,100.0,1100.0
Thelma the Unicorn,Adventure,5.7,93.0,3100.0
Captain Miller,Adventure,7.2,157.0,14000.0
Sixty Minutes,Adventure,5.7,88.0,5400.0
Unspeakable: Beyond the Wall of Sleep,Adventure,3.8,90.0,152.0
My Oni Girl,Adventure,6.0,112.0,2000.0
This Too Shall Pass,Adventure,8.0,105.0,23.0
Mobile Suit Gundam SEED Freedom,Adventure,6.6,124.0,1000.0
The Storm,Adventure,6.1,102.0,149.0
Son's Will,Adventure,7.4,148.0,1100.0
The Keepers of the 5 Kingdoms,Adventure,4.1,109.0,239.0
Five Friends,Adventure,6.7,112.0,1000.0
Sam and Colby: The Legends of the Paranormal,Adventure,4.8,98.0,321.0
Rally Caps,Adventure,5.5,100.0,152.0
Chuck Billy and the Marvelous Guava Tree,Adventure,7.4,90.0,1300.0
Diplodocus,Adventure,6.2,93.0,222.0
Planetquake,Adventure,3.0,85.0,335.0
At Her Feet,Adventure,7.6,100.0,76.0
Alpha.,Adventure,6.8,100.0,306.0
Kvitebjørn,Adventure,5.8,85.0,99.0
The Waves of Madness,Adventure,5.2,68.0,133.0
Roadkill,Adventure,3.7,90.0,712.0
Daye: Seret ahl el Daye,Adventure,7.7,104.0,21.0
Poklad,Adventure,4.4,100.0,56.0
Overlord: The Sacred Kingdom,Adventure,6.8,135.0,1700.0
The Price of Money: A Largo Winch Adventure,Adventure,5.1,100.0,1400.0
Empire Queen: The Golden Age of Magic,Adventure,3.3,148.0,316.0
Thangalaan,Adventure,6.5,156.0,6900.0
The Mountain,Adventure,6.4,89.0,249.0
No Chains No Masters,Adventure,6.3,98.0,736.0
The Twisters,Adventure,2.6,86.0,491.0
Its Name Was Mormo,Adventure,3.7,93.0,207.0
Operation Blood Hunt,Adventure,3.4,93.0,551.0
Rebellious,Adventure,6.1,94.0,251.0
Noah's Ark,Adventure,4.2,96.0,720.0
Spiders on a Plane,Adventure,3.9,78.0,515.0
No Time to Spy: A Loud House Movie,Adventure,6.4,81.0,531.0
Bureau 749,Adventure,3.8,123.0,596.0
School of Magical Animals 3,Adventure,5.7,105.0,392.0
Man and Witch: The Dance of a Thousand Steps,Adventure,5.6,94.0,371.0
Return to Wickensburg,Adventure,4.6,88.0,98.0
The Lost Tiger,Adventure,7.3,90.0,67.0
The Kingdom,Adventure,7.0,133.0,163.0
I Hate Summer,Adventure,5.1,103.0,710.0
Bionic,Adventure,4.3,110.0,1800.0
My Freaky Family,Adventure,6.1,86.0,440.0
Witch Hunter,Adventure,3.9,80.0,48.0
Now or Never!,Adventure,2.2,135.0,17000.0
Eat the Night,Adventure,6.1,106.0,644.0
Seven Seas Seven Hills,Adventure,8.6,90.0,102.0
Earthquake Underground,Adventure,3.2,83.0,239.0
Dalia and the Red Book,Adventure,5.9,107.0,183.0
Storm Crashers,Adventure,6.1,88.0,610.0
Naa Saami Ranga,Adventure,4.5,150.0,1200.0
Gaami,Adventure,6.3,147.0,2100.0
The Casagrandes Movie,Adventure,5.6,89.0,720.0
Gladiators,Adventure,3.2,95.0,140.0
The Backrooms,Adventure,8.5,63.0,18.0
Gracie and Pedro: Pets to the Rescue,Adventure,5.0,87.0,308.0
Road Wars: Max Fury,Adventure,2.0,83.0,374.0
Big City Greens the Movie: Spacecation,Adventure,6.2,83.0,629.0
Panda Bear in Africa,Adventure,5.5,84.0,397.0
Bull Shark 3,Adventure,2.7,76.0,146.0
War of the Worlds: Extinction,Adventure,3.1,84.0,233.0
Devil's Knight,Adventure,5.3,90.0,1000.0
Guest from the Future,Adventure,6.0,141.0,1300.0
Dongeng Sang Kancil,Adventure,6.6,99.0,236.0
Vertical,Adventure,5.2,111.0,154.0
WWII: Operation Phoenix,Adventure,4.0,106.0,110.0
Taklee Genesis x Worlds Collide,Adventure,5.4,146.0,447.0
The Big Trip 3: Race Around the World,Adventure,5.5,85.0,87.0
The Forest,Adventure,5.8,77.0,56.0
Lumina,Adventure,2.2,113.0,728.0
My Fathers' Daughter,Adventure,6.4,78.0,91.0
Chhota Bheem and the Curse of Damyaan,Adventure,4.8,145.0,2300.0
Elli and Her Monster Team,Adventure,4.8,86.0,120.0
Pimpinero: Blood and Oil,Adventure,5.6,121.0,598.0
Barroz: Guardian of Treasures,Adventure,3.4,155.0,1100.0
Jurassic Triangle,Adventure,2.5,84.0,298.0
A Trip Elsewhere,Adventure,5.5,93.0,116.0
All for One,Adventure,1.5,97.0,701.0
Niko: Beyond the Northern Lights,Adventure,6.1,86.0,370.0
The Goat,Adventure,5.7,91.0,391.0
My Redneck Neighbor: Chapter 2 - Let the Games Begin,Adventure,5.7,55.0,11.0
Going Viral,Adventure,6.8,90.0,308.0
Formed Police Unit,Adventure,4.7,120.0,1500.0
Warrior Awang and Master Tok Gajah,Adventure,4.6,118.0,488.0
Peter Brook's the Mahabharata (8K),Adventure,8.1,173.0,11.0
Shrek 5: The Contract - A Fan Made Film,Adventure,7.3,84.0,26.0
Kaizen,Adventure,7.0,160.0,804.0
Emma's Big Adventure,Adventure,5.3,106.0,149.0
Game On,Adventure,2.5,85.0,366.0
Treasure Trackers,Adventure,5.6,92.0,183.0
Appu,Adventure,8.2,92.0,204.0
Major Grom: The Game,Adventure,6.2,168.0,1900.0
Transformers Prime: Galavatron's Revenge,Adventure,4.7,104.0,21.0
Next to Us,Adventure,4.9,125.0,231.0
Un lío de millones,Adventure,5.2,91.0,316.0
Fox & Hare Save the Forest,Adventure,5.9,71.0,232.0
The Adventures of Jurassic Pet: Return to the Wild,Adventure,5.4,90.0,92.0
The Epic of Gilgamesh,Adventure,5.2,79.0,6.0
One Million Babes BC,Adventure,2.2,75.0,94.0
I Heart Robots,Adventure,4.5,76.0,2400.0
Dünya Varmis,Adventure,6.6,100.0,70.0
Dragon Ball Z Kai,Adventure,8.4,82.0,102.0
The Slave and the Sorcerer,Adventure,6.5,86.0,50.0
The Phantom Warrior,Adventure,2.4,119.0,574.0
The Star City Murders,Adventure,4.1,79.0,156.0
Buddy,Adventure,3.8,137.0,366.0
Teenz,Adventure,4.4,122.0,871.0
Rocky Road to Berlin,Adventure,7.2,104.0,1600.0
The Worlds Divide,Adventure,7.9,120.0,39.0
Oculus,Adventure,6.0,113.0,15.0
Dünya Mali: Eksi Bir,Adventure,6.8,133.0,19.0
The Dragon's Tomb,Adventure,6.7,77.0,60.0
"Maya, donne-moi un titre",Adventure,6.5,61.0,75.0
Oscar Wilde About America,Adventure,4.4,98.0,36.0
Stinky Summer,Adventure,5.2,90.0,60.0
Kiyma: Orman Kanunlari,Adventure,3.8,81.0,46.0
Z-Mom,Adventure,4.8,90.0,48.0
Ghost Island,Adventure,6.9,95.0,61.0
LasseMajas detektivbyrå - Maskoten som försvann,Adventure,6.0,90.0,74.0
The Trail,Adventure,7.8,80.0,38.0
Bremenskie muzykanty,Adventure,4.4,115.0,778.0
Trifole,Adventure,7.3,100.0,66.0
Gepack,Adventure,6.6,97.0,378.0
Permafrost,Adventure,5.7,80.0,117.0
Mong Vuot,Adventure,4.9,96.0,184.0
Marianengraben,Adventure,7.3,87.0,102.0
Memes & Nightmares,Adventure,5.7,81.0,96.0
Turma da Mônica Jovem: Reflexos do Medo,Adventure,2.8,88.0,262.0
Si Juki the Movie: Harta Pulau Monyet,Adventure,6.1,107.0,147.0
Spirit Riser,Adventure,6.1,98.0,42.0
Amazon Bullseye,Adventure,5.3,113.0,233.0
Zak & Wowo: The Legend of Lendarys,Adventure,5.7,85.0,106.0
Askepote,Adventure,3.4,72.0,90.0
Kodaikanal,Adventure,9.3,173.0,75.0
Arctic Hollow,Adventure,2.3,70.0,187.0
Mama,Adventure,8.5,100.0,7.0
The Epidemic,Adventure,5.9,95.0,72.0
Six Nine Five (695),Adventure,7.1,137.0,710.0
Fuuto PI: Portrait of Kamen Rider Skull,Adventure,7.3,82.0,58.0
Fights Break Sphere 3,Adventure,5.0,81.0,11.0
Yolki 11,Adventure,4.6,92.0,195.0
Surge of Power: Where There's Smoke,Adventure,5.6,68.0,16.0
Moy dikiy drug,Adventure,6.3,100.0,72.0
Al Leib Maa Al Eyal,Adventure,4.4,127.0,250.0
Ahl Al Kahf,Adventure,5.3,120.0,310.0
Tulang Belulang Tulang,Adventure,7.1,95.0,53.0
Stranded Pearl,Adventure,6.2,90.0,47.0
Rocky and Bullwinkle,Adventure,9.1,100.0,19.0
Nintama Rantaro Dokutake Ninja-tai Saikyou no Gunshi,Adventure,6.9,90.0,65.0
Birds Flying East,Adventure,5.8,100.0,617.0
Death Game,Adventure,6.5,88.0,29.0
Die Chaosschwestern und Pinguin Paul,Adventure,5.6,100.0,76.0
Champions of the Golden Valley,Adventure,9.2,81.0,81.0
Håkan Bråkan 2,Adventure,5.3,92.0,149.0
Benjamin Bat,Adventure,7.9,75.0,34.0
Steal the Naughty List,Adventure,4.8,90.0,132.0
The Secret of Pin-Up Island,Adventure,7.3,107.0,98.0
Güzel Bir Rüya,Adventure,4.7,79.0,50.0
Powder Pup,Adventure,5.9,89.0,87.0
Minecraft But I Survive Again in Parkour Civilization,Adventure,8.9,114.0,50.0
Captain Avispa,Adventure,5.7,96.0,183.0
Dead Dead Demon's Dededede Destruction,Adventure,7.0,120.0,149.0
Hain,Adventure,3.0,95.0,52.0
Yaren Leylek,Adventure,5.1,95.0,40.0
Igrisca ne damo!,Adventure,6.5,79.0,36.0
Dreams,Adventure,6.4,106.0,13.0
Tipppsy,Adventure,8.1,115.0,34.0
Tokusou Sentai Dekaranger 20th: Fireball Booster,Adventure,7.1,50.0,41.0
Jathara,Adventure,6.4,129.0,1100.0
Heavens: The Boy and His Robot,Adventure,7.1,98.0,35.0
Ne odna doma,Adventure,3.3,79.0,118.0
Game of Death: The Six Doors to Hell,Adventure,6.7,145.0,8.0
Kade,Adventure,6.4,92.0,19.0
The Last of Us: Immunity,Adventure,4.3,64.0,33.0
Orango,Adventure,7.3,94.0,75.0
"Silex and the City, le film",Adventure,4.9,77.0,60.0
Colour Palette,Adventure,9.4,87.0,53.0
My Redneck Neighbor: Chapter 1 - The Rednecks Are Coming,Adventure,5.3,74.0,12.0
Mountain Boy,Adventure,8.0,93.0,30.0
Cândido,Adventure,6.4,99.0,70.0
Dead Dead Demon's Dededede Destruction Koushou,Adventure,7.0,120.0,158.0
Triple 7: They Said It Couldn't Be Done,Adventure,8.6,97.0,15.0
Letuchiy korabl,Adventure,3.3,100.0,414.0
Bam!,Adventure,7.1,80.0,31.0
Masha and the Bear. Wonder Park,Adventure,7.2,58.0,23.0
The Bigfoot Prophecy,Adventure,4.8,117.0,23.0
The Umbrella Fairy,Adventure,5.7,95.0,63.0
Dikkie Dik 2: Een Nieuwe Vriend voor Dikkie Dik,Adventure,7.3,70.0,85.0
Friendly Fire,Adventure,6.1,105.0,72.0
Dikkie Dik en de Verdwenen Knuffel,Adventure,7.2,62.0,136.0
Manyunya. Priklyucheniya v derevne,Adventure,5.7,84.0,126.0
Abudeka Is Back,Adventure,5.5,120.0,55.0
Advent,Adventure,7.5,119.0,6.0
Lo carga el diablo,Adventure,7.7,103.0,31.0
Luigi's Mansion,Adventure,5.9,60.0,20.0
Two Breaths,Adventure,8.0,18.0,56.0
Piraty galaktiki Barrakuda,Adventure,4.5,92.0,93.0
This Land of Mine,Adventure,4.5,90.0,38.0
Tur s Ivanushkami,Adventure,5.3,111.0,170.0
Samaya bolshaya luna,Adventure,2.4,105.0,146.0
Jaunt,Adventure,8.7,78.0,8.0
De Legende van Familie Vos,Adventure,5.6,81.0,61.0
Oyunda Kal: Eglence Arenasi,Adventure,2.4,92.0,42.0
Longe da Estrada,Adventure,6.0,68.0,9.0
STEVE (A Minecraft Movie),Adventure,6.9,61.0,14.0
Príncipe Lu e a Lenda do Dragão,Adventure,4.1,90.0,29.0
Tay 2: Ebabil Takimi,Adventure,4.9,78.0,46.0
Ice Maiden,Adventure,8.6,90.0,89.0
Nature Cat's Nature Movie Special Extraordinaire,Adventure,7.1,53.0,22.0
Ivan Tsarevich i Seryy Volk 6,Adventure,5.3,85.0,116.0
Mesken (Messuage),Adventure,6.8,99.0,51.0
Anytime,Adventure,8.9,62.0,26.0
Joachim and the Apocalypse,Adventure,7.7,90.0,17.0
The Blinkless,Adventure,6.4,59.0,20.0
Big Water Theory,Adventure,7.3,83.0,15.0
Satu - Year of the Rabbit,Adventure,9.0,93.0,61.0
A Christmas Carol,Adventure,9.4,39.0,14.0
Dracu Ra,Adventure,5.6,106.0,47.0
Vasilisa i khraniteli vremeni,Adventure,2.9,98.0,87.0
The Eye of the Salamander,Adventure,6.0,81.0,46.0
Manyunya. Priklyucheniya v Moskve,Adventure,5.6,87.0,117.0
Pui Pui Molcar the Movie: Molmax,Adventure,6.4,69.0,22.0
The Very Last Christmas,Adventure,8.6,75.0,12.0
Beyond existence,Adventure,4.1,95.0,23.0
Boom!,Adventure,7.9,90.0,13.0
Chernyy zamok,Adventure,5.1,115.0,67.0
Son of the Wolf,Adventure,3.7,82.0,7.0
No More Trouble - Cosa rimane di una tempesta,Adventure,8.4,97.0,23.0
Il ricercatore,Adventure,6.4,71.0,9.0
Ognivo,Adventure,5.4,105.0,263.0
Adam i Eva,Adventure,5.1,95.0,97.0
Cazatesoros,Adventure,6.5,106.0,31.0
"Fallen Leaves, Broken Lighters",Adventure,7.7,96.0,9.0
Shadows of Betrayal: Chronicles of Ian Blair,Adventure,7.3,65.0,17.0
Petualangan Anak Penangkap Hantu,Adventure,5.7,99.0,28.0
Tri bogatyrya. Ni dnya bez podviga,Adventure,5.8,61.0,93.0
The Yoshi Movie,Adventure,8.1,105.0,15.0
Wonderland,Adventure,6.8,120.0,13.0
Bar MoskvaChiki,Adventure,4.4,91.0,114.0
Suchana,Adventure,8.7,90.0,511.0
Tri kota. Zimnie kanikuly,Adventure,6.3,65.0,38.0
Operation Wakaliga: Fate and Blood,Adventure,6.7,66.0,12.0
Shanghai Story,Adventure,7.9,71.0,67.0
The Last Five Days: The Freak Building,Adventure,3.7,61.0,60.0
Hope & Glory,Adventure,6.6,44.0,153.0
Whites Only: Ade's Extremist Adventure,Adventure,6.7,65.0,30.0
Isle: Alpha One,Adventure,8.7,97.0,9.0
Troy the Bharat Putra,Adventure,5.2,134.0,34.0
Bratya,Adventure,2.8,103.0,140.0
Mobile Suit Gundam: Silver Phantom,Adventure,6.1,90.0,14.0
Moy lyubimyy chempion,Adventure,2.3,95.0,423.0
Antarctic Voyage,Adventure,7.7,48.0,12.0
Mortadella,Adventure,8.4,90.0,8.0
Baba Yaga spasaet Novyy god,Adventure,4.4,99.0,136.0
Let's Go! Anpanman: Baikinman and Lulun,Adventure,6.5,64.0,9.0
Abá e Sua Banda,Adventure,7.2,84.0,23.0
Xin Longmen kezhan,Adventure,2.9,73.0,7.0
The Ghost of Annie Lee,Adventure,4.8,103.0,5.0
Wonderful Precure! The Movie! Doki Doki Game no Sekai de Daiboken,Adventure,6.5,71.0,43.0
Luccas e Gi em: Dinossauros,Adventure,3.5,91.0,28.0
Vikaasaparva,Adventure,8.4,134.0,545.0
Yao guai sen lin,Adventure,6.3,86.0,7.0
Dandelion,Adventure,8.9,95.0,9.0
Banana Boat,Adventure,5.5,78.0,24.0
Frankenstein Theater: The Magic Sword,Adventure,4.1,82.0,25.0
Pirates & Slaves,Adventure,5.8,53.0,6.0
StarGazer: The Need of the Many,Adventure,4.6,47.0,14.0
Goodbye Hamdi,Adventure,6.6,85.0,12.0
Zoloto Umalty,Adventure,4.9,109.0,116.0
Yasmeen's Element,Adventure,7.6,76.0,22.0
Nothing Unusual,Adventure,8.8,92.0,13.0
Novyy god v Beryozovke,Adventure,7.0,94.0,105.0
Famous Patrick (A Super SpongeBob Fan Movie),Adventure,9.3,53.0,29.0
QAnon Avenue,Adventure,8.7,57.0,10.0
Abar Arownne Din Ratri,Adventure,8.0,111.0,9.0
Tayna Chyornoy Ruki,Adventure,5.7,84.0,24.0
The Ballad of Straw Hat Sam,Adventure,8.5,45.0,13.0
Novogodniy ekspress,Adventure,6.8,47.0,10.0
I'm Professional,Adventure,4.6,95.0,9.0
Historia de pastores,Adventure,5.6,80.0,37.0
Applepictures the Poseidon Legacy,Adventure,6.6,84.0,20.0
Xibalba Monster,Adventure,6.7,76.0,33.0
Tracing the Divide,Adventure,8.8,84.0,174.0
Piri Reis: The Incredible Chart,Adventure,7.0,138.0,27.0
Il cammino: Viaggio in Calabria,Adventure,8.2,58.0,8.0
Ngesot,Adventure,4.8,87.0,18.0
Skazochnyy patrul. Shou prodolzhayetsya,Adventure,7.5,65.0,10.0
Sehnsucht nach Firdaws,Adventure,8.7,103.0,7.0
Devka-baba: Kukla-charodeyka,Adventure,7.9,93.0,9.0
YA - medved,Adventure,5.1,97.0,62.0
"Poymay sobaku, esli smozhesh",Adventure,3.5,96.0,39.0
Mai Martaba,Adventure,5.4,86.0,11.0
The Long Quiet,Adventure,9.4,94.0,5.0
Qianhe xiansheng,Adventure,4.4,82.0,5.0
Wilhelm Gustloff,Adventure,8.7,110.0,9.0
V potoke trekh stikhiy,Adventure,5.0,85.0,44.0
Mukhadrakon,Adventure,5.3,109.0,18.0
Suvorovets 1944,Adventure,3.5,90.0,30.0
Selebryata,Adventure,3.6,93.0,21.0
Captain Toad and the Mystery Mine,Adventure,9.0,77.0,17.0
Okhota na russkogo geniya,Adventure,5.5,71.0,13.0
Turbozavry. God drakona,Adventure,8.7,48.0,46.0
Kyle and the Last Emerald 2,Adventure,8.4,15.0,9.0
PW V: Tears of the Fallen,Adventure,8.2,60.0,10.0
Gostya iz kosmosa,Adventure,8.7,70.0,7.0
Oda: Vlucht door de Eeuwen,Adventure,6.4,102.0,7.0
Lajjpal,Adventure,9.0,252.0,8.0
Chyortov kamen,Adventure,4.0,105.0,24.0
The Kingfish 2,Adventure,7.9,72.0,12.0
SITV Presents: Tabsentia,Adventure,8.3,80.0,8.0
Beyaz Zenciler: Yapim Asamasi,Adventure,8.6,55.0,5.0
Mahavatar Narsimha,Animation,9.1,130.0,34000.0
Spermageddon,Animation,5.4,80.0,2100.0
IF,Animation,6.4,104.0,61000.0
Memoir of a Snail,Animation,7.8,95.0,21000.0
Watchmen: Chapter I,Animation,7.1,83.0,7500.0
Look Back,Animation,7.8,58.0,17000.0
The Remarkable Life of Ibelin,Animation,8.2,103.0,14000.0
Sanatorium Under the Sign of the Hourglass,Animation,5.5,75.0,153.0
Dan Da Dan: First Encounter,Animation,8.2,83.0,3300.0
Boys Go to Jupiter,Animation,7.0,90.0,205.0
The Glassworker,Animation,7.1,98.0,2100.0
Watchmen: Chapter II,Animation,7.1,90.0,3900.0
Haikyu!! The Dumpster Battle,Animation,7.7,85.0,6900.0
I Am What I Am 2,Animation,7.6,134.0,523.0
Uma Musume: Pretty Derby - Beginning of a New Era,Animation,7.5,108.0,276.0
Piece by Piece,Animation,6.9,93.0,6800.0
White Snake: Afloat,Animation,6.9,133.0,640.0
Johnny Puff: Secret Mission,Animation,4.7,87.0,497.0
Sabbath Queen,Animation,7.9,105.0,72.0
Lesbian Space Princess,Animation,6.9,87.0,264.0
Mononoke the Movie: The Phantom in the Rain,Animation,6.7,89.0,1600.0
10 Lives,Animation,5.9,88.0,2200.0
Exorcism Chronicles: The Beginning,Animation,6.4,85.0,160.0
Blue Lock: Episode Nagi,Animation,6.6,91.0,2800.0
Given 3: To the Sea,Animation,7.6,80.0,217.0
Frida,Animation,7.5,87.0,1600.0
The Most Precious of Cargoes,Animation,7.1,81.0,1700.0
Slocum et moi,Animation,6.9,75.0,118.0
Mars,Animation,6.8,84.0,36.0
From Ground Zero,Animation,7.9,112.0,600.0
Detective Conan: The Million-Dollar Pentagram,Animation,6.7,111.0,1700.0
The Colors Within,Animation,7.1,101.0,1300.0
The Night Before Christmas in Wonderland,Animation,6.3,80.0,536.0
Re: Zero - Starting Life in Another World- Season 3 Episode 1 90-minute Special 'Theatrical Malice',Animation,8.8,90.0,1400.0
Ghost Cat Anzu,Animation,6.5,97.0,936.0
Given the Movie: Hiiragi Mix,Animation,7.6,70.0,297.0
Super-Charlie,Animation,5.7,82.0,237.0
Angelo dans la forêt mystérieuse,Animation,6.0,81.0,167.0
Ryan's World the Movie: Titan Universe Adventure,Animation,1.8,80.0,773.0
Grand Theft Hamlet,Animation,6.9,89.0,2300.0
Savages,Animation,6.8,87.0,513.0
Baki Hanma VS Kengan Ashura,Animation,5.7,62.0,2100.0
A Few Moments of Cheers,Animation,7.1,68.0,65.0
Hola Frida,Animation,6.8,82.0,76.0
Into the Mortal World,Animation,7.0,118.0,262.0
Rafadan Tayfa: Kapadokya,Animation,6.4,84.0,153.0
Out of the Nest,Animation,6.4,84.0,144.0
"Die Heinzels: Neue Mützen, Neue Mission",Animation,6.0,76.0,119.0
Fureru,Animation,6.2,107.0,78.0
The Quintessential Quintuplets Specials 2,Animation,6.8,46.0,209.0
God with Three Eyes,Animation,5.8,112.0,36.0
The Proud Princess,Animation,6.3,84.0,166.0
Living Large,Animation,6.9,80.0,205.0
Inanimate Insanity II: The Movie,Animation,8.3,106.0,271.0
Norbert,Animation,6.7,75.0,20.0
SuperKlaus,Animation,4.3,88.0,220.0
Among Neighbors,Animation,9.6,100.0,54.0
Boonie Bears: Time Twist,Animation,5.9,105.0,187.0
Peppa's Cinema Party,Animation,4.9,65.0,160.0
Kuramerukagari,Animation,5.8,61.0,93.0
Where the Robots Grow,Animation,2.6,88.0,541.0
Astra,Animation,6.8,80.0,9.0
Kizumonogatari: Koyomi Vamp,Animation,7.1,144.0,126.0
(S)KiDS,Animation,8.2,85.0,166.0
"Ado SPECIAL LIVE ""Shinzou"" in Cinema",Animation,9.0,140.0,60.0
Quo Vadis,Animation,7.6,90.0,808.0
Tobias and the Arcane Merchant,Animation,8.9,167.0,50.0
Woolina and the No Birds,Animation,8.2,80.0,54.0
Trapezium,Animation,6.2,95.0,184.0
Double Tuckerr,Animation,5.2,120.0,1500.0
Rock Bottom,Animation,6.3,86.0,72.0
Mariposas Negras,Animation,7.0,83.0,80.0
Terra Incognita 1901,Animation,5.2,78.0,73.0
DreadClub: Vampire's Verdict,Animation,5.0,88.0,80.0
Bocchi the Rock! Recap Part 1,Animation,7.5,90.0,218.0
The Hyperboreans,Animation,6.5,71.0,128.0
Maxxie LaWow: Drag Super-shero,Animation,7.5,114.0,342.0
Schirkoa: In Lies We Trust,Animation,5.5,103.0,177.0
Hello My Beautiful Creatures,Animation,6.8,142.0,178.0
PAPmusic - Animation for Fashion,Animation,1.1,85.0,208.0
Bloody Escape: Bats out of Hell,Animation,5.3,100.0,64.0
Olivia & the Clouds,Animation,7.1,81.0,72.0
Bocchi the Rock! Recap Part 2,Animation,7.4,77.0,157.0
Mustafa,Animation,6.9,75.0,77.0
Le parfum d'Irak,Animation,7.9,95.0,54.0
TWST: Things We Said Today,Animation,7.0,86.0,70.0
Jon Vardar protiv Galaksijata,Animation,8.2,86.0,79.0
Detective Conan vs. Kid the Phantom Thief,Animation,6.1,81.0,178.0
Lilla spöket Laban spökar igen,Animation,6.1,44.0,35.0
Rhythm of a Flower,Animation,7.3,81.0,15.0
Code Geass: Rozé of the Recapture - Part 1,Animation,7.6,74.0,47.0
Ganbatte Ikimasshoi,Animation,5.6,95.0,20.0
Dinonauts,Animation,6.4,77.0,9.0
Nie Xiaoqian,Animation,6.5,112.0,19.0
The Formula for Water,Animation,4.6,86.0,39.0
Yumi's Cells: The Movie,Animation,6.3,93.0,55.0
Uma & Haggen: Mitos,Animation,7.3,94.0,64.0
Code Geass: Rozé of the Recapture: Part 3,Animation,7.2,76.0,29.0
Rocket Club: Across the Cosmos,Animation,7.5,68.0,22.0
Luv You Shankar,Animation,5.9,120.0,46.0
Transformers: 40th Anniversary Event,Animation,7.2,96.0,31.0
Jin Ling Yu Mao,Animation,5.5,97.0,36.0
Motu Patlu & The Race to the Diamond Valley,Animation,7.9,72.0,29.0
Max Beyond,Animation,6.6,93.0,19.0
Pleasant Goat and Big Big Wolf: The World Guardians,Animation,6.6,96.0,18.0
Be Forever Yamato: Rebel 3199: Part 1: Dark Invasion,Animation,7.5,50.0,11.0
Ugly Sweater,Animation,5.9,80.0,22.0
Code Geass: Rozé of the Recapture: Part 2,Animation,7.7,76.0,33.0
Animal Tales of Christmas Magic,Animation,6.8,72.0,54.0
"Hey, Tete",Animation,6.4,151.0,9.0
Motu Patlu & The Rise of Zombies,Animation,6.9,74.0,17.0
Zuzubalândia: O Filme,Animation,6.0,60.0,12.0
Day of the Diesels,Animation,6.2,100.0,14.0
"Robotia, the Movie",Animation,7.4,86.0,35.0
Ninja Doomscrolling,Animation,8.1,96.0,104.0
Ya Boy Kongming! Road to Summer Sonia,Animation,7.3,119.0,46.0
Il segreto di Liberato,Animation,7.2,90.0,236.0
Sunburnt Unicorn,Animation,7.7,81.0,13.0
Riki Rhino: The Bird Kingdom,Animation,5.1,109.0,26.0
Bartali's Bicycle,Animation,7.5,80.0,10.0
Code Geass: Rozé of the Recapture: Part 4,Animation,6.6,70.0,19.0
Animal Adventures: Save the Forest,Animation,7.5,85.0,35.0
Bizarros Peixes das Fossas Abissais,Animation,7.6,75.0,16.0
Velký Pán,Animation,6.8,73.0,11.0
Gujeyeog-eseo sal-a dol-aon dwaeji,Animation,5.0,105.0,15.0
Arne Alligator och djungelkompisarna,Animation,4.6,61.0,54.0
The Delegator,Animation,3.8,96.0,19.0
The Car Acrobatic Team Saga,Animation,7.2,112.0,12.0
Young doctor's notes,Animation,3.5,86.0,7.0
The Greatest Surf Movie in the Universe,Animation,4.7,81.0,9.0
Ekip: Siberay - Günes Firtinasi,Animation,6.0,72.0,14.0
Bie ba zuo wen dang hui shi er,Animation,7.2,89.0,12.0
Iris the Movie: Full Energy!!,Animation,7.3,60.0,9.0
Love Live! Nijigasaki High School Idol Club Final Chapter Part 1,Animation,7.0,59.0,18.0
Nasreddin Hoca: Zaman Yolcusu - Kadim Medeniyetler,Animation,7.7,78.0,12.0
Balentes,Animation,7.4,70.0,9.0
Bob a Bobek ve filmu: Na stope Mrkvojeda,Animation,7.1,80.0,39.0
2475 Dawn of Revolution,Animation,6.3,127.0,154.0
Gintama on Theater 2D: Kintama-hen,Animation,6.4,97.0,6.0
Sirds likums,Animation,6.7,65.0,18.0
Gintama the Movie 2D: Courtesan of the Nation Arc,Animation,7.8,109.0,12.0
A Complete Unknown,Biography,7.3,141.0,101000.0
I'm Still Here,Biography,8.2,137.0,119000.0
Better Man,Biography,7.5,135.0,39000.0
The Apprentice,Biography,7.1,122.0,63000.0
William Tell,Biography,5.7,134.0,4900.0
Saturday Night,Biography,6.9,109.0,35000.0
Queer,Biography,6.4,137.0,25000.0
Maria,Biography,6.4,124.0,22000.0
Nr. 24,Biography,7.5,111.0,17000.0
Bob Marley: One Love,Biography,6.2,107.0,36000.0
Unfrosted,Biography,5.5,97.0,36000.0
Young Woman and the Sea,Biography,7.5,129.0,18000.0
Little Bites,Biography,4.7,105.0,1400.0
Joy,Biography,7.1,115.0,11000.0
Reagan,Biography,6.1,141.0,12000.0
Queen of the Ring,Biography,6.3,129.0,2400.0
Ordinary Angels,Biography,7.4,118.0,17000.0
Scoop,Biography,6.5,102.0,21000.0
Back to Black,Biography,6.3,122.0,28000.0
Amaran,Biography,8.1,167.0,21000.0
Bonhoeffer: Pastor. Spy. Assassin.,Biography,6.2,133.0,4100.0
Cabrini,Biography,7.3,142.0,9300.0
El 47,Biography,7.2,110.0,4200.0
Shirley,Biography,6.2,117.0,3500.0
Monsieur Aznavour,Biography,7.3,133.0,3200.0
Race for Glory: Audi vs. Lancia,Biography,5.8,109.0,5400.0
Audrey's Children,Biography,7.1,110.0,493.0
One to One: John & Yoko,Biography,7.3,101.0,806.0
Faith of Angels,Biography,6.1,98.0,330.0
Being Maria,Biography,6.1,100.0,946.0
Rob Peace,Biography,6.6,120.0,2400.0
Super/Man: The Christopher Reeve Story,Biography,8.0,104.0,11000.0
Niki,Biography,6.0,98.0,534.0
Pavements,Biography,7.1,128.0,766.0
Boléro,Biography,6.5,120.0,976.0
The Flood,Biography,6.4,101.0,390.0
Music by John Williams,Biography,8.2,105.0,5300.0
"From Hilde, with Love",Biography,6.9,125.0,1300.0
Chandu Champion,Biography,7.8,142.0,35000.0
Midas Man,Biography,6.4,112.0,1900.0
Prodigieuses,Biography,6.6,101.0,294.0
Marco,Biography,6.8,101.0,1500.0
Liza: A Truly Terrific Absolutely True Story,Biography,7.5,104.0,582.0
Riefenstahl,Biography,7.1,115.0,985.0
Stelios,Biography,7.3,132.0,1600.0
Ataturk II: 1881-1919,Biography,8.8,141.0,2500.0
A Photographic Memory,Biography,7.5,87.0,44.0
Maidaan,Biography,7.9,181.0,23000.0
Amar Singh Chamkila,Biography,7.8,145.0,17000.0
McVeigh,Biography,4.5,90.0,624.0
The Bibi Files,Biography,7.5,115.0,1500.0
Maharaj,Biography,6.5,131.0,15000.0
The Fire Inside,Biography,6.7,109.0,3300.0
Nedelja,Biography,7.2,130.0,1900.0
Avicii - I'm Tim,Biography,7.7,95.0,7700.0
I Am Nevenka,Biography,7.0,112.0,1300.0
Luther: Never Too Much,Biography,8.1,101.0,961.0
Gundi: Legend of Love,Biography,8.9,166.0,5700.0
Federer: Twelve Final Days,Biography,7.3,88.0,4300.0
Goebbels and the Führer,Biography,6.7,135.0,2900.0
From Roger Moore with Love,Biography,7.3,79.0,534.0
Srikanth,Biography,7.4,134.0,14000.0
Nahir,Biography,4.7,122.0,1200.0
Jim Henson: Idea Man,Biography,7.7,111.0,4000.0
Limonov: The Ballad of Eddie,Biography,5.9,138.0,1200.0
Drazen,Biography,6.4,100.0,1800.0
I Am: Celine Dion,Biography,7.7,103.0,8100.0
The Ballad of Davy Crockett,Biography,4.6,96.0,278.0
Invention,Biography,5.9,72.0,160.0
I'm Your Venus,Biography,7.1,85.0,565.0
Road Diary: Bruce Springsteen and the E Street Band,Biography,7.7,99.0,1100.0
Papa,Biography,7.5,131.0,373.0
ZEF: The Story of Die Antwoord,Biography,7.4,90.0,862.0
Hayatla Baris,Biography,6.3,125.0,426.0
Garbo: Where Did You Go?,Biography,5.9,90.0,284.0
Faye,Biography,7.1,91.0,3200.0
Fanon,Biography,6.6,132.0,168.0
O familie aproape perfecta,Biography,5.1,88.0,14.0
Blur: To the End,Biography,7.1,104.0,809.0
The Life and Deaths of Christopher Lee,Biography,7.2,99.0,514.0
Zuckerberg: King of the Metaverse,Biography,5.7,90.0,269.0
Harimau Malaya: The Untold Journey,Biography,8.2,125.0,25.0
Harbin,Biography,6.2,108.0,1300.0
Havnaa,Biography,6.9,110.0,434.0
Freedom,Biography,5.9,110.0,1500.0
Bir Cumhuriyet Sarkisi,Biography,7.4,128.0,1600.0
Quisling: The Final Days,Biography,7.1,146.0,1400.0
National Theatre Live: Nye,Biography,8.1,160.0,294.0
La Casa,Biography,6.9,83.0,1100.0
Biggest Heist Ever,Biography,6.1,85.0,1700.0
Oxana,Biography,6.3,103.0,143.0
The Great Ambition,Biography,7.1,123.0,1000.0
Swatantrya Veer Savarkar,Biography,7.7,176.0,18000.0
Beautiful Rebel,Biography,6.3,112.0,1100.0
Becoming Madonna,Biography,6.8,91.0,502.0
Tears of Cem Karaca,Biography,7.2,123.0,2300.0
The Beach Boys,Biography,7.1,113.0,2300.0
A Bronx Tale: The Original One Man Show,Biography,7.7,95.0,33.0
Unexplainable,Biography,7.1,116.0,365.0
The Divine Sarah Bernhardt,Biography,6.3,98.0,443.0
The Shamrock Spitfire,Biography,5.1,108.0,529.0
Samia,Biography,6.7,102.0,196.0
Ravens,Biography,7.8,117.0,91.0
Elton John: Never Too Late,Biography,6.6,102.0,2100.0
Dharmaveer 2,Biography,5.4,130.0,11000.0
"Disco, Ibiza, Locomia",Biography,6.0,104.0,1600.0
Obraz,Biography,7.4,95.0,32.0
Lula,Biography,5.3,90.0,213.0
A Wolf Among the Swans,Biography,7.4,110.0,32.0
The Truth vs. Alex Jones,Biography,7.5,121.0,3100.0
"Iki Gözüm Ahmet, Sürgün",Biography,3.7,113.0,144.0
Main Atal Hoon,Biography,6.9,139.0,6400.0
John Cranko,Biography,7.0,133.0,231.0
Vindication Swim,Biography,5.9,98.0,234.0
Nasty,Biography,7.7,103.0,1100.0
Jenni,Biography,6.8,113.0,48.0
Vivekam,Biography,8.2,104.0,308.0
Chhatrapati Sambhaji,Biography,5.4,186.0,238.0
Laura,Biography,6.4,104.0,268.0
House of Ga'a,Biography,4.0,119.0,492.0
Miyazaki: L'Esprit de la Nature,Biography,7.1,84.0,335.0
Chhava,Biography,8.4,51.0,2300.0
Ae Watan Mere Watan,Biography,4.7,133.0,1400.0
Ernest Cole: Lost and Found,Biography,7.3,105.0,446.0
Blue Road: The Edna O'Brien Story,Biography,8.0,99.0,108.0
Stevie Van Zandt: Disciple,Biography,7.9,147.0,719.0
The Sidemen Story,Biography,6.7,99.0,1700.0
Kulej. Dwie strony medalu,Biography,6.4,148.0,360.0
Münter & Kandinsky,Biography,6.2,126.0,127.0
Bogart: Life Comes in Flashes,Biography,6.9,99.0,500.0
Marcella,Biography,8.2,97.0,56.0
Suzzanna: The Queen of Black Magic,Biography,6.7,88.0,64.0
Gary,Biography,6.6,91.0,576.0
Simona Kossak,Biography,6.0,100.0,421.0
Levoton Tuhkimo,Biography,6.4,88.0,541.0
Faruk,Biography,6.6,97.0,453.0
The Man Who Loved UFOs,Biography,5.3,107.0,651.0
Filmlovers!,Biography,6.0,88.0,222.0
Wingless,Biography,7.2,110.0,235.0
La Grande,Biography,9.0,95.0,43.0
Silvio,Biography,3.1,114.0,560.0
Becoming Hitchcock: The Legacy of Blackmail,Biography,7.2,72.0,293.0
God Be with Us,Biography,6.3,90.0,18.0
Saint Nick of Bethlehem,Biography,8.8,93.0,105.0
Madu,Biography,5.3,100.0,274.0
Patrice: The Movie,Biography,8.3,102.0,244.0
Yatra 2,Biography,6.2,132.0,9700.0
"Siggi - drengen, der blev FBI-spion",Biography,6.7,90.0,146.0
Ol' Dirty Bastard: A Tale of Two Dirtys,Biography,6.7,86.0,240.0
Diane von Furstenberg: Woman in Charge,Biography,7.3,97.0,337.0
Blood'less' Revolution,Biography,6.7,103.0,328.0
Hyper: The Stevie Hyper D Story,Biography,8.8,91.0,31.0
Estimados Señores,Biography,7.7,98.0,67.0
Janis Ian: Breaking Silence,Biography,7.8,114.0,169.0
Sharon Stone: Survival Instinct,Biography,6.7,52.0,84.0
Pastor's Kid,Biography,6.2,90.0,47.0
Miséria,Biography,4.1,99.0,110.0
Sadik Ahmet,Biography,7.6,125.0,448.0
Chabuca,Biography,6.7,113.0,262.0
Malevych,Biography,6.4,90.0,10.0
Hope of Escape,Biography,7.8,91.0,47.0
Klitschko: More Than a Fight,Biography,6.3,96.0,520.0
Raghuveer,Biography,8.9,125.0,68.0
Satyashodhak,Biography,8.3,145.0,384.0
The Movie Man,Biography,7.6,89.0,234.0
Born to Be Wild: The Story of Steppenwolf,Biography,7.0,100.0,55.0
Cookster: The Darkest Days,Biography,8.0,119.0,47.0
Padatik,Biography,7.9,126.0,122.0
"Carville: Winning Is Everything, Stupid",Biography,7.2,98.0,283.0
Ennio Doris - C'è anche domani,Biography,4.6,90.0,111.0
Schindler Space Architect,Biography,7.1,93.0,12.0
Looking for Simone,Biography,7.1,93.0,19.0
Michael Jackson: Ungloved,Biography,6.3,60.0,29.0
Karina,Biography,6.3,90.0,70.0
30 to 45,Biography,3.5,118.0,21.0
Dr. Hedgewar,Biography,7.4,160.0,17.0
Il était une fois Michel Legrand,Biography,7.7,109.0,59.0
Memoir Seorang Guru,Biography,7.1,120.0,139.0
Bach - Ein Weihnachtswunder,Biography,6.2,89.0,173.0
The World According to Allee Willis,Biography,7.9,97.0,111.0
Go Against the Flow,Biography,5.3,97.0,175.0
Mit einem Tiger schlafen,Biography,6.8,107.0,158.0
The Legend of Sudarshan Chakra,Biography,9.0,160.0,27.0
Funmilayo Ransome-Kuti,Biography,8.5,91.0,103.0
Sube a mi Nube,Biography,5.9,110.0,60.0
"Sean Penn, L'enfant terrible de l'Amérique",Biography,6.9,52.0,55.0
Padu,Biography,5.2,97.0,84.0
La herencia de Flora,Biography,5.8,134.0,6.0
The Ballad of Suzanne Césaire,Biography,5.7,75.0,41.0
Der Soldat Monika,Biography,6.8,109.0,32.0
Komandir,Biography,6.3,131.0,543.0
Don't Ever Stop,Biography,9.5,85.0,34.0
Bröderna Andersson,Biography,7.1,84.0,143.0
Knock Out Blonde: The Kellie Maloney Story,Biography,6.0,90.0,24.0
Taghiev: Oil,Biography,9.1,120.0,96.0
Da Vinci,Biography,8.3,81.0,85.0
Powstaniec 1863,Biography,5.3,115.0,150.0
Main Mulayam Singh Yadav,Biography,3.8,120.0,202.0
Daytime Revolution,Biography,6.8,108.0,115.0
Waldo,Biography,6.8,104.0,21.0
"Mary, Marianna, Maria: Ta agnosta ellinika hronia tis Kallas",Biography,7.7,103.0,17.0
Glenn Fredly: The Movie,Biography,6.7,121.0,134.0
Janet Jackson: In Control,Biography,5.1,60.0,10.0
Niepewnosc. Zakochany Mickiewicz,Biography,3.7,113.0,57.0
Gold,Biography,7.7,126.0,83.0
Harta Tahta Raisa,Biography,4.0,110.0,72.0
Son Sarki: Ahmet'in Türküsü,Biography,1.5,101.0,115.0
Ninety Minutes Later,Biography,7.7,88.0,10.0
The Ballad of John and Yoko,Biography,8.5,101.0,18.0
Who Killed Lawrence of Arabia?,Biography,6.5,100.0,32.0
Concepción,Biography,7.8,140.0,32.0
Me Dicen El Panzer,Biography,7.6,90.0,11.0
Yaremchuk: Nezrivniannyi svit krasy,Biography,8.6,92.0,490.0
Charmian Clift: Life Burns High,Biography,7.9,80.0,15.0
Cartas Telepáticas,Biography,5.2,70.0,37.0
Ett hjärta är alltid rött,Biography,7.1,103.0,406.0
Paul Anka: His Way,Biography,7.3,100.0,12.0
All Access to Rossa 25 Shining Years,Biography,8.7,91.0,66.0
Un hombre libre,Biography,7.1,88.0,18.0
Kylie Minogue: Pop Icon,Biography,5.5,50.0,14.0
Giroud,Biography,6.7,80.0,33.0
Pod szarym niebem,Biography,7.2,81.0,54.0
Beethoven's Nine,Biography,7.2,90.0,12.0
Ruki vverkh!,Biography,5.5,102.0,280.0
Shahid,Biography,6.6,84.0,90.0
Spyral,Biography,8.4,83.0,22.0
Nonkonform,Biography,7.7,117.0,25.0
"Steven Spielberg, l'homme et l'enfant",Biography,6.7,56.0,58.0
Ray of Hope,Biography,7.5,105.0,13.0
Parviz Khan,Biography,5.9,110.0,230.0
Beethoven's Nine: Ode to Humanity,Biography,6.8,85.0,27.0
A nuestros amigos,Biography,7.5,90.0,17.0
Diddy: Summit to Plummet,Biography,2.4,60.0,225.0
Lafran,Biography,8.4,99.0,20.0
Fedya. Narodnyy futbolist,Biography,6.1,125.0,146.0
Ago,Biography,8.1,80.0,8.0
Im Schatten der Träume,Biography,7.4,90.0,15.0
"Kati: Eine Kür, die bleibt",Biography,6.1,99.0,87.0
The Man Died,Biography,2.9,105.0,9.0
Barnen från Camp Ashraf,Biography,5.3,88.0,21.0
Reba McEntire: Country Gold,Biography,7.4,60.0,11.0
Maurice And I,Biography,8.8,98.0,28.0
Not Taken: Origins,Biography,9.0,69.0,8.0
Golpe a Golpe (Blow by Blow),Biography,8.1,90.0,23.0
Nollbudget,Biography,8.3,72.0,11.0
La Joia: Bad Gyal,Biography,5.6,92.0,93.0
Lulu in Turin,Biography,8.5,76.0,6.0
Carles Sabater. No espereu res de mi,Biography,8.0,75.0,21.0
Luiz Melodia: No Coração do Brasil,Biography,7.6,75.0,40.0
"À l'école de l'universel: Germaine Le Goff, l'histoire d'une pionnière",Biography,6.8,53.0,6.0
Graciano Rocchigiani - Das Herz eines Boxers,Biography,9.2,123.0,52.0
Soares é Fixe,Biography,4.8,83.0,80.0
The Truth: The Journey Within,Biography,6.3,91.0,10.0
Manyam Dheerudu,Biography,5.8,114.0,3700.0
Zvanetskiy,Biography,7.3,90.0,15.0
"Marisol, llámame Pepa",Biography,6.8,87.0,122.0
"François Truffaut, le scénario de ma vie",Biography,6.9,98.0,52.0
9 sekund,Biography,4.6,91.0,69.0
Gevart,Biography,7.3,34.0,70.0
"Jacques Demy, le rose et le noir",Biography,6.9,88.0,15.0
Veljko od mora,Biography,7.4,53.0,17.0
"Dolly Parton: Bigger Hair, Bigger Heart",Biography,7.2,60.0,14.0
Nebesko,Biography,5.1,73.0,11.0
It'll Never Work,Biography,9.6,57.0,31.0
La valanga azzurra,Biography,7.8,90.0,12.0
COMA,Biography,8.7,80.0,14.0
Shaking It Up: The Life and Times of Liz Carpenter,Biography,8.0,77.0,10.0
Brev til Håkon Banken,Biography,8.2,80.0,30.0
"Lupicinio Rodrigues, Confissões de um Sofredor",Biography,7.4,99.0,7.0
Riv i hjertet,Biography,7.2,107.0,39.0
Giannis Spanos: Piso ap' ti markiza,Biography,7.7,118.0,21.0
Insula Fondane (Fondane Island),Biography,8.7,82.0,12.0
Iyunskaya polyn,Biography,8.7,79.0,7.0
RADA,Biography,8.8,73.0,5.0
87 Candles,Biography,9.1,55.0,11.0
¡Qué suerte hemos tenido!,Biography,7.5,62.0,18.0
Palace Guardians,Biography,9.3,64.0,8.0
Tapes of Revolution,Biography,9.4,75.0,7.0
Davaj Paradiso,Biography,8.8,63.0,30.0
Toquinho: Encontros e um Violão,Biography,8.6,90.0,5.0
"Georges Pompidou, la cruauté du pouvoir",Biography,6.5,104.0,7.0
Young Hearts,Family,7.9,99.0,6600.0
How to Make Millions Before Grandma Dies,Family,7.9,125.0,19000.0
Unsung Hero,Family,7.0,113.0,5400.0
Girl Haunts Boy,Family,6.3,100.0,3600.0
The Forge,Family,6.7,124.0,5400.0
Bibi Rajni,Family,8.4,143.0,756.0
Meiyazhagan,Family,8.4,177.0,18000.0
The Groomsmen: First Look,Family,6.1,82.0,438.0
You Gotta Believe,Family,5.8,104.0,1500.0
The Thundermans Return,Family,5.0,70.0,2000.0
Woodwalkers,Family,5.1,103.0,826.0
Gharat Ganpati,Family,7.8,139.0,555.0
And the Breadwinner Is...,Family,5.8,123.0,525.0
Cup,Family,8.7,146.0,91.0
2nd Miracle in Cell No. 7,Family,7.2,147.0,388.0
A Brother and 7 Siblings,Family,8.1,129.0,1900.0
A Sudden Case of Christmas,Family,5.1,91.0,1200.0
Aamar Boss,Family,7.9,139.0,587.0
Panda Plan,Family,5.1,99.0,1700.0
Runt,Family,6.4,91.0,621.0
Miracle Mile,Family,7.0,82.0,50.0
Dog Days,Family,6.7,120.0,342.0
Big World,Family,7.3,131.0,1600.0
Der Buchspazierer,Family,7.2,98.0,910.0
A Carpenter's Prayer,Family,5.4,91.0,146.0
Believe in Christmas,Family,6.1,90.0,892.0
Fear,Family,7.9,115.0,2900.0
Juliette in Spring,Family,6.4,95.0,350.0
Disaster Holiday,Family,4.9,93.0,796.0
Kardes Takimi,Family,3.5,95.0,620.0
Average Joe,Family,4.4,100.0,622.0
Brother,Family,6.1,140.0,2400.0
Véletlenül írtam egy könyvet,Family,7.3,98.0,907.0
Home Sweet Loan,Family,8.0,112.0,1100.0
The Legend of Catclaws Mountain,Family,3.3,104.0,192.0
Ghudchadi,Family,4.1,113.0,583.0
Bila Esok Ibu Tiada,Family,6.7,104.0,393.0
Father There is Only One 4,Family,5.2,90.0,725.0
Marry Christmas,Family,6.3,85.0,70.0
DeAr,Family,5.2,132.0,2000.0
Victoria må dø,Family,5.9,85.0,410.0
Brewster's Millions: Christmas,Family,5.6,100.0,202.0
The Primrose Railway Children,Family,5.0,81.0,155.0
Dedh Bigha Zameen,Family,6.9,100.0,793.0
Sabari,Family,6.4,129.0,5400.0
A Nashville Wish,Family,5.6,102.0,105.0
The Snow Sister,Family,7.0,96.0,2200.0
We Believe,Family,2.2,78.0,54.0
Grrr...,Family,4.0,121.0,1000.0
Skelly,Family,5.4,85.0,101.0
Magic Beach,Family,5.1,80.0,87.0
Like a Rolling Stone,Family,7.7,106.0,532.0
Daaru Na Peenda Hove,Family,7.5,111.0,2300.0
Børnene fra Sølvgade,Family,6.7,102.0,145.0
Dance Rivals,Family,5.8,93.0,77.0
My Eyes,Family,5.1,87.0,67.0
Khusma,Family,8.0,145.0,73.0
Laggam,Family,8.2,130.0,5100.0
Paper Flowers,Family,8.6,100.0,39.0
Rajakili,Family,4.8,122.0,631.0
Not Just a Goof,Family,7.7,87.0,480.0
Hashtag Tadev lagnam,Family,6.5,118.0,167.0
Domovyonok Kuzya,Family,5.8,90.0,907.0
"Love, Sitara",Family,5.3,105.0,313.0
Singapore Saloon,Family,6.0,137.0,1300.0
CBeebies Panto: Beauty and the Beast,Family,7.2,73.0,19.0
Juf Braaksel en de geniale ontsnapping,Family,4.2,83.0,73.0
Superkrachten voor je hoofd,Family,7.3,92.0,205.0
Babah,Family,6.4,129.0,196.0
Princesa Adormecida,Family,3.9,80.0,194.0
G for Gap,Family,7.1,103.0,622.0
Ole Aale,Family,8.6,142.0,417.0
Joy of Horses,Family,5.5,90.0,180.0
Nanak Naam Jahaz Hai,Family,9.2,140.0,16.0
Windcatcher,Family,5.4,80.0,421.0
Heidi,Family,6.4,100.0,9.0
Mujigae,Family,6.8,109.0,61.0
Sieger Sein,Family,6.4,119.0,196.0
Peas and Carrots,Family,3.8,96.0,6.0
The Neon Highway,Family,6.0,113.0,547.0
Rajkumar,Family,7.4,145.0,2800.0
Scooped,Family,4.7,84.0,55.0
Carol,Family,7.6,115.0,54.0
For Prophet,Family,5.3,105.0,113.0
Prinsessa Pikkiriikki,Family,6.2,75.0,45.0
"Akiko, der fliegende Affe",Family,5.5,70.0,37.0
Too Old for Fairy Tales 2,Family,4.9,95.0,450.0
Hank's Christmas Wish 2: The Nutcracker,Family,1.7,55.0,63.0
De Bellinga's: Pretpark op stelten,Family,3.0,70.0,144.0
Nadanna Sambhavam,Family,5.9,120.0,1800.0
Ducobu passe au vert!,Family,4.0,90.0,145.0
Aanandhapuram Diaries,Family,7.0,115.0,3300.0
Dear Family,Family,6.8,116.0,83.0
Planet 7693,Family,7.6,110.0,77.0
Grüsse vom Mars,Family,7.5,85.0,53.0
Vishesham,Family,6.7,136.0,1400.0
De Club van Sinterklaas Film: Het Grote Sneeuwavontuur,Family,5.8,79.0,52.0
Kattis Gang,Family,5.4,144.0,429.0
BeBe Winans' We Three Kings,Family,6.9,90.0,137.0
Super papa,Family,5.3,90.0,178.0
Krispy Rishtey,Family,6.4,133.0,71.0
Chithini,Family,6.1,151.0,554.0
Our Church Thinks We're Dating,Family,7.3,102.0,63.0
"Merry Birthday, Happy Christmas",Family,3.9,84.0,123.0
Hope,Family,4.4,79.0,59.0
Luv Ki Arrange Marriage,Family,4.3,135.0,5600.0
14 Days Love,Family,6.4,112.0,12.0
The Magic Penguin,Family,3.3,89.0,35.0
Haydi Tut Elimi,Family,6.8,113.0,31.0
Spirit of Friendship,Family,4.3,85.0,81.0
A Hero's Journey: The Making of Percy Jackson and the Olympians,Family,7.4,50.0,259.0
Gina,Family,7.2,100.0,35.0
Chitra,Family,7.6,125.0,18.0
Mansarra,Family,7.3,138.0,47.0
My Dear Donga,Family,5.7,132.0,165.0
Thookudurai,Family,4.3,125.0,2300.0
Feather Christmas,Family,5.2,94.0,124.0
Little Town,Family,5.6,90.0,16.0
Gowri,Family,6.0,130.0,4300.0
Il migliore dei mali,Family,6.3,90.0,13.0
Pinnil Oral,Family,7.8,127.0,583.0
A Christmas Miracle,Family,5.8,88.0,70.0
Porch Pirates,Family,5.0,107.0,109.0
De Grote Sinterklaasfilm - Stampij in de bakkerij,Family,3.2,75.0,79.0
Korporatsiya Morozov,Family,5.6,83.0,32.0
The Christmas Room,Family,6.1,99.0,54.0
Mr. Santa: A Christmas Extravaganza,Family,6.8,98.0,23.0
The Land of Morning Calm,Family,6.4,113.0,40.0
Al Eid Eiden,Family,5.7,110.0,17.0
A Soldier for Christmas,Family,8.4,91.0,19.0
Awesomest Christmas Ever,Family,6.3,78.0,26.0
Palayam PC,Family,6.5,118.0,1700.0
The Hedgehog,Family,6.6,104.0,695.0
Little Red Sweet,Family,5.9,92.0,24.0
A Game of Two Halves,Family,7.1,100.0,25.0
A Holiday for Harmony,Family,3.6,120.0,38.0
My Dad Is an Alien,Family,7.8,96.0,23.0
Home Plate,Family,4.1,85.0,8.0
Woof Woof Daddy,Family,6.0,105.0,48.0
Baii Ga,Family,4.1,134.0,69.0
Gabru Gang,Family,8.6,123.0,217.0
Oti Uttam,Family,5.2,137.0,215.0
Vaar Tahevaar,Family,7.9,127.0,291.0
Christmas Carole,Family,4.0,93.0,113.0
Mees Kees op eigen benen,Family,5.9,82.0,51.0
Tartinijev kljuc,Family,7.9,115.0,26.0
Our Christmas House,Family,5.2,77.0,50.0
Tarpana,Family,9.4,138.0,20.0
When the World Met Miss Probinsyana,Family,9.3,155.0,46.0
Hope's Hollywood Christmas,Family,8.7,90.0,33.0
Smotri na menya!,Family,5.7,120.0,88.0
V banyu!,Family,5.1,99.0,81.0
Het Feest van Tante Rita 2 - De Chocobom,Family,6.7,84.0,24.0
Chitti - Potti,Family,9.1,150.0,1700.0
SDL A Batalha Musical,Family,7.3,102.0,42.0
Titip Surat Untuk Tuhan,Family,6.5,81.0,51.0
Wedding Diaries,Family,8.8,121.0,2000.0
Not a Clue,Family,3.7,48.0,32.0
Indonesia dari Timur,Family,6.7,112.0,7.0
Vovó Ninja,Family,5.1,96.0,21.0
Amaltash,Family,8.1,113.0,162.0
Last Defenders of Monogamy,Family,5.3,84.0,410.0
Bayramlik,Family,4.5,114.0,71.0
The Lamb,Family,6.3,85.0,56.0
Double Engine,Family,5.5,106.0,117.0
"Heinähattu, Vilttitossu ja kana",Family,5.0,77.0,63.0
Vozvrashchenie popugaya Keshi,Family,2.5,93.0,117.0
A House Without a Father,Family,5.3,61.0,36.0
Princezna na hrásku,Family,5.6,80.0,66.0
Papu mame zaverni,Family,3.7,106.0,73.0
Childhood Tales,Family,7.2,63.0,33.0
Max und die wilde 7: Die Geister-Oma,Family,6.2,90.0,50.0
Khelaghar Bandhte Legechi,Family,7.1,100.0,8.0
Padmavyuham Lo Chakradhari,Family,7.1,110.0,1700.0
Neposlushniki,Family,4.7,108.0,107.0
Odna doma. Velikolepnaya pyatyorka,Family,4.2,85.0,41.0
Perfekta: Uma Aventura da Escola de Gênios,Family,5.6,92.0,20.0
Wholesome Grove,Family,5.1,99.0,11.0
Appa I Love You,Family,8.2,145.0,543.0
Chicken Coop,Family,5.8,98.0,93.0
Klaantha,Family,6.0,107.0,520.0
Mastaani,Family,8.8,150.0,30.0
Person of the Year,Family,5.4,100.0,13.0
Paagal vs Kadhal,Family,9.0,111.0,2100.0
Iwájú: A Day Ahead,Family,6.6,71.0,76.0
Vindu Bhojanam,Family,7.0,103.0,55.0
Haddhu Ledhu Raa,Family,7.1,112.0,2000.0
Lek Asavi Tar Ashi,Family,4.8,143.0,15.0
Once Upon a Christmas,Family,5.8,115.0,18.0
Malyshariki. Den rozhdeniya,Family,6.1,52.0,29.0
Moyo sobache delo,Family,5.3,77.0,51.0
Idu Entha Lokavayya,Family,5.8,120.0,8.0
Give You a Candy,Family,6.1,134.0,18.0
Fanzo Movie,Family,5.9,104.0,17.0
Semeynyy perepolokh,Family,4.6,87.0,67.0
Uparwala & Sons,Family,9.0,126.0,323.0
Mezhdu nami,Family,5.2,93.0,40.0
Tomari Sathe,Family,7.0,54.0,9.0
Interview,Family,8.4,115.0,9.0
Fien & Teun Circus op de Boerderij,Family,4.9,77.0,15.0
Her Life Choice,Family,2.4,45.0,23.0
Nosso Amiguinho,Family,7.9,100.0,7.0
Udanadi Mangalyam,Family,2.9,90.0,24.0
Kaagada,Family,8.1,149.0,14.0
Borjatri,Family,8.4,72.0,6.0
Novogodnee chudo,Family,5.7,73.0,14.0
"7 dney, 7 nochey",Family,6.2,98.0,414.0
Bitva pap,Family,4.4,79.0,26.0
Omar v bolshom kino,Family,5.4,86.0,32.0
Santa's Chimney of Secrets,Family,4.5,66.0,25.0
Feng Zi Lao Ba,Family,4.3,85.0,6.0
Give 'Em Hell Honey!,Family,5.5,94.0,20.0
Kallu Compound 1995,Family,7.4,140.0,2000.0
Salamat Rahe Dostana Hamara (SRDH),Family,9.3,60.0,87.0
Mallemogga,Family,9.0,132.0,11.0
A Christmas Reunion,Family,4.0,64.0,15.0
Kazhdyy mechtaet o sobake,Family,5.0,90.0,36.0
Eine zweite Chance,Family,8.6,91.0,46.0
Gyakorlat teszi a mestert,Family,6.1,46.0,24.0
Tui Ke Amar,Family,6.6,114.0,6.0
Uzhaipalar Thinam,Family,4.2,122.0,7.0
Iyus Jenius,Family,9.0,82.0,9.0
Nosferatu,Mystery,7.2,132.0,230000.0
The Watchers,Mystery,5.7,102.0,61000.0
Longlegs,Mystery,6.6,101.0,202000.0
Blink Twice,Mystery,6.5,102.0,116000.0
Juror #2,Mystery,7.0,114.0,112000.0
Smile 2,Mystery,6.7,127.0,122000.0
Trap,Mystery,5.8,105.0,150000.0
It's What's Inside,Mystery,6.6,103.0,46000.0
Caddo Lake,Mystery,6.8,103.0,48000.0
A Sacrifice,Mystery,5.0,94.0,6400.0
Love Lies Bleeding,Mystery,6.6,104.0,60000.0
Force of Nature: The Dry 2,Mystery,5.9,120.0,8200.0
Sleeping Dogs,Mystery,6.2,110.0,24000.0
Witchboard,Mystery,5.7,112.0,504.0
The Deliverance,Mystery,5.1,112.0,24000.0
Night Swim,Mystery,4.7,98.0,29000.0
Slingshot,Mystery,5.7,108.0,11000.0
The Rule of Jenny Pen,Mystery,6.2,104.0,7800.0
Cuckoo,Mystery,5.7,102.0,31000.0
I Saw the TV Glow,Mystery,5.8,100.0,40000.0
F*** Marry Kill,Mystery,5.4,97.0,4200.0
The Instigators,Mystery,6.2,101.0,40000.0
Dirty Boy,Mystery,7.4,98.0,53.0
The Damned,Mystery,5.7,89.0,6500.0
Hellboy: The Crooked Man,Mystery,4.5,99.0,15000.0
Time Cut,Mystery,5.0,91.0,21000.0
Exhuma,Mystery,6.9,134.0,26000.0
Blackwater Lane,Mystery,4.6,108.0,2600.0
Outbreak,Mystery,4.4,88.0,1500.0
Hidden Face,Mystery,6.1,115.0,754.0
Absolution,Mystery,5.2,112.0,9600.0
Within the Pines,Mystery,6.4,73.0,23.0
Boneyard,Mystery,4.1,96.0,5500.0
Long Gone Heroes,Mystery,5.1,101.0,1600.0
Colors of Evil: Red,Mystery,6.4,111.0,8900.0
Skincare,Mystery,5.7,96.0,5300.0
Killer Heat,Mystery,5.6,95.0,14000.0
Kishkindha Kaandam,Mystery,8.0,133.0,14000.0
Turtles All the Way Down,Mystery,6.6,111.0,7900.0
Afraid,Mystery,5.2,84.0,15000.0
Imaginary,Mystery,4.7,104.0,18000.0
Sookshma Darshini,Mystery,7.8,142.0,12000.0
Ghost Train,Mystery,4.9,94.0,143.0
Mr. K,Mystery,5.4,94.0,1400.0
Die Alone,Mystery,5.8,90.0,4300.0
Karma,Mystery,7.9,167.0,1500.0
The Ruse,Mystery,7.1,105.0,586.0
Damaged,Mystery,4.7,97.0,7900.0
Saint Clare,Mystery,4.5,92.0,735.0
Do Patti,Mystery,6.3,126.0,70000.0
Hunting Daze,Mystery,5.4,79.0,631.0
The Girl in the Pool,Mystery,4.3,89.0,1700.0
Depravity,Mystery,4.3,117.0,1300.0
Triumph,Mystery,5.2,98.0,342.0
Brief History of a Family,Mystery,6.8,100.0,624.0
Handling the Undead,Mystery,5.3,97.0,4700.0
Bougainvillea,Mystery,6.4,138.0,3500.0
Drugstore June,Mystery,5.4,91.0,1900.0
Anweshippin Kandethum,Mystery,7.4,142.0,11000.0
Wynonna Earp: Vengeance,Mystery,5.6,96.0,1800.0
Pedro Páramo,Mystery,6.3,130.0,3300.0
The Soul Eater,Mystery,5.8,108.0,3300.0
She's Got No Name,Mystery,5.4,94.0,366.0
Golam,Mystery,7.2,120.0,6400.0
Revolver,Mystery,5.5,114.0,1000.0
Kryptic,Mystery,4.0,102.0,691.0
Classified,Mystery,3.7,105.0,3000.0
Vina: Before 7 Days,Mystery,5.4,100.0,680.0
Reunion,Mystery,5.6,90.0,3800.0
The Image of You,Mystery,4.6,90.0,948.0
Black,Mystery,7.1,115.0,3000.0
Thalavan,Mystery,7.2,131.0,5800.0
Detained,Mystery,4.9,97.0,2000.0
City Hunter,Mystery,6.3,102.0,5900.0
Believer,Mystery,4.7,108.0,501.0
To Kill a Wolf,Mystery,8.7,92.0,92.0
Bloodline Killer,Mystery,4.3,105.0,5400.0
American Star,Mystery,5.5,107.0,2600.0
A Strange House,Mystery,5.2,110.0,417.0
Inheritance,Mystery,5.1,94.0,3800.0
Merry Christmas,Mystery,6.9,144.0,30000.0
Following,Mystery,6.5,102.0,1500.0
Sikandar Ka Muqaddar,Mystery,6.0,142.0,25000.0
Abraham Ozler,Mystery,6.6,143.0,4700.0
Heresy,Mystery,6.8,61.0,344.0
Murder Mubarak,Mystery,5.8,140.0,51000.0
Campton Manor,Mystery,3.4,83.0,268.0
Gazer,Mystery,5.6,114.0,359.0
Crescent City,Mystery,3.9,103.0,1500.0
Arcadia,Mystery,6.9,99.0,559.0
The Sand Castle,Mystery,4.7,98.0,1800.0
Unknown Caller,Mystery,7.3,63.0,35.0
Dancing Village: The Curse Begins,Mystery,5.7,122.0,4300.0
Rippy,Mystery,4.2,83.0,1100.0
Serpent's Path,Mystery,5.8,112.0,329.0
The Lost Daughter,Mystery,5.6,99.0,349.0
Salawahan,Mystery,4.4,116.0,498.0
Solvent,Mystery,7.2,94.0,462.0
My Husband Hired a Hitman,Mystery,4.6,92.0,96.0
Hunting Matthew Nichols,Mystery,8.2,96.0,56.0
Guess Who,Mystery,4.8,93.0,379.0
Karma's a Bitch,Mystery,4.7,89.0,50.0
Midnight Express,Mystery,8.4,64.0,7.0
The Fall of 2008,Mystery,5.8,61.0,12.0
Killer Body Count,Mystery,4.7,109.0,710.0
The North Witch,Mystery,4.2,80.0,164.0
Drive Back,Mystery,4.5,94.0,788.0
Cheat,Mystery,4.1,105.0,228.0
Cinderella's Curse,Mystery,3.4,82.0,1400.0
Rautu Ka Raaz,Mystery,6.3,114.0,2000.0
Strictly Confidential,Mystery,2.8,94.0,896.0
Uninvited,Mystery,5.6,93.0,383.0
A Place Called Silence,Mystery,6.5,119.0,1400.0
Phir Aayi Hasseen Dillruba,Mystery,5.8,132.0,7100.0
Cinderella's Revenge,Mystery,3.8,85.0,1300.0
Sheriff,Mystery,6.9,133.0,1200.0
Doctor X: The Movie,Mystery,7.4,128.0,98.0
The Dead Thing,Mystery,4.7,94.0,1100.0
The Hangman,Mystery,3.3,92.0,1100.0
A Stranger's Child,Mystery,5.6,88.0,166.0
Somebody,Mystery,6.5,112.0,111.0
They Called Him Mostly Harmless,Mystery,5.9,89.0,3400.0
The Monster Beneath Us,Mystery,5.0,103.0,514.0
Cellphone,Mystery,3.0,88.0,766.0
Borderless Fog,Mystery,5.2,110.0,1400.0
Paranoia,Mystery,4.1,95.0,419.0
Behave,Mystery,2.6,88.0,245.0
You Will Die in 6 Hours,Mystery,5.0,91.0,347.0
Kondal,Mystery,5.3,147.0,814.0
Transamazonia,Mystery,5.9,112.0,88.0
Missing Child Videotape,Mystery,5.5,104.0,288.0
Kurukku,Mystery,6.3,109.0,544.0
Chapel,Mystery,3.3,92.0,206.0
#AMFAD: All My Friends Are Dead,Mystery,4.5,91.0,1300.0
Ranam Aram Thavarel,Mystery,5.9,121.0,820.0
Free Falling,Mystery,5.2,89.0,320.0
Horror in the High Desert 3: Firewatch,Mystery,5.4,88.0,806.0
House of Lies,Mystery,3.8,82.0,193.0
Granny,Mystery,7.3,40.0,9.0
Stupid Games,Mystery,4.2,86.0,464.0
Held Hostage in My House,Mystery,4.6,90.0,158.0
DNA,Mystery,5.4,156.0,230.0
The American Backyard,Mystery,6.1,107.0,298.0
Flesh of the Unforgiven,Mystery,7.5,88.0,69.0
Oshi no Ko: The Final Act,Mystery,6.1,129.0,220.0
"April, Come She Will",Mystery,6.2,108.0,487.0
Faultline,Mystery,4.7,92.0,152.0
Live or Dead: The García File,Mystery,6.6,84.0,96.0
The Yin Yang Master Zero,Mystery,5.7,112.0,311.0
Séance Games: Metaxu,Mystery,3.7,86.0,398.0
10 Days of a Curious Man,Mystery,5.7,110.0,1400.0
Perewangan,Mystery,5.4,109.0,193.0
Birthright,Mystery,5.3,80.0,268.0
Drive,Mystery,5.6,90.0,390.0
Athomugam,Mystery,7.0,130.0,657.0
While You Were Sleeping,Mystery,6.0,99.0,181.0
Pogumidam Vegu Thooramillai,Mystery,7.3,133.0,3900.0
Haze,Mystery,6.4,76.0,56.0
Chaalchitro: The Frame Fatale,Mystery,6.4,124.0,951.0
What Happens in Miami,Mystery,4.3,90.0,225.0
Danger in the Dorm,Mystery,5.0,86.0,169.0
Dark Night of the Soul,Mystery,3.1,81.0,187.0
Shark Island,Mystery,3.1,81.0,147.0
The Manifestation,Mystery,3.5,84.0,207.0
Portraits,Mystery,4.7,82.0,49.0
First Nights at Freddy's,Mystery,9.0,98.0,22.0
Murder and Cocktails,Mystery,3.9,88.0,374.0
9 Windows,Mystery,3.6,82.0,334.0
From Darkness,Mystery,4.9,95.0,613.0
Lunacy,Mystery,5.0,77.0,67.0
About a Hero,Mystery,6.2,84.0,64.0
Deadly Invitations,Mystery,4.1,89.0,188.0
In Our Blood,Mystery,6.8,89.0,52.0
The Private Eye,Mystery,5.4,115.0,277.0
Andhagan,Mystery,6.6,142.0,1200.0
Six jours,Mystery,5.8,95.0,307.0
ClearMind,Mystery,4.1,85.0,2200.0
Prasanna Vadanam,Mystery,6.6,146.0,581.0
Tell No Lies,Mystery,5.0,104.0,252.0
Amp House Massacre,Mystery,3.8,80.0,206.0
Final Girl: Halloween,Mystery,3.8,85.0,116.0
Darah Nyai,Mystery,7.0,90.0,8.0
The Sintern,Mystery,4.7,98.0,158.0
7/G,Mystery,4.3,140.0,645.0
Last Stop: Rocafort St.,Mystery,4.1,89.0,530.0
The Redemption of Sin,Mystery,5.6,116.0,257.0
Dark Feathers: Dance of the Geisha,Mystery,6.0,93.0,1100.0
A Stranger in the Woods,Mystery,4.8,83.0,715.0
The Stalking,Mystery,3.8,72.0,56.0
Killer Influence,Mystery,2.6,84.0,334.0
You Are Not Alone,Mystery,6.0,105.0,83.0
Partners,Mystery,4.8,110.0,130.0
Bhoothaddam Bhaskar Narayana,Mystery,6.2,141.0,296.0
Room 0,Mystery,3.1,102.0,222.0
The Choice,Mystery,9.5,40.0,8.0
Aftermath,Mystery,5.2,78.0,4400.0
Rakshana,Mystery,5.5,139.0,1200.0
Snow Valley,Mystery,2.8,75.0,354.0
Burning Butterflies,Mystery,7.6,103.0,101.0
The Last Chainsaw Massacre,Mystery,3.7,75.0,43.0
Buying Time,Mystery,6.3,84.0,510.0
Algiers,Mystery,7.7,93.0,73.0
Simbaa,Mystery,5.7,121.0,2200.0
Nico,Mystery,8.2,109.0,51.0
The Apocalypse Box,Mystery,3.3,86.0,250.0
What Happened to Suzy,Mystery,6.3,94.0,97.0
Inti Number 13,Mystery,7.6,127.0,1100.0
Secret,Mystery,3.9,119.0,770.0
A Song from the Dark,Mystery,4.9,105.0,2200.0
Carnage for Christmas,Mystery,4.5,69.0,355.0
Kaljiga,Mystery,8.4,114.0,44.0
Flashlight,Mystery,6.0,77.0,18.0
The Shadow,Mystery,6.4,90.0,291.0
Foreclosure 2,Mystery,3.2,77.0,150.0
The Unseen Sister,Mystery,6.7,112.0,1100.0
The Birthday Boy,Mystery,8.0,118.0,3100.0
Octopus with Broken Arms,Mystery,6.1,109.0,362.0
Morena,Mystery,5.3,106.0,132.0
Guadalupe: Mother of Humanity,Mystery,6.9,102.0,44.0
Hunters on a White Field,Mystery,4.9,100.0,473.0
Cold Blows the Wind,Mystery,5.7,85.0,810.0
Don't Look Back... I Know Your Origins,Mystery,3.7,104.0,116.0
Dr. Jason II: Lights & Shadows,Mystery,4.9,62.0,384.0
Dismissed,Mystery,5.9,91.0,135.0
Best Man Dead Man,Mystery,6.5,83.0,56.0
Water Horse,Mystery,5.1,85.0,264.0
Like Aani Subscribe,Mystery,7.2,140.0,6200.0
Cidade; Campo,Mystery,6.3,119.0,160.0
Tenant,Mystery,3.7,99.0,214.0
Bato: Road to Death,Mystery,5.4,137.0,777.0
The Hunter's Anthology: The Demon Hunter,Mystery,4.7,126.0,105.0
Tragic,Mystery,9.0,96.0,21.0
Sakura,Mystery,6.2,119.0,81.0
A Cold Grave,Mystery,3.5,75.0,280.0
The Night Curse of Reatrei,Mystery,4.4,95.0,121.0
Huggin Molly,Mystery,5.9,54.0,88.0
The Legend of the Vagabond Queen of Lagos,Mystery,7.8,100.0,50.0
Bodiless,Mystery,5.7,90.0,1200.0
Scopophobia,Mystery,5.3,100.0,92.0
Tears of Blood,Mystery,9.7,88.0,8.0
Zateryannye,Mystery,6.0,90.0,225.0
The Women in the Lakes,Mystery,4.9,141.0,34.0
200KG Vampire,Mystery,4.1,93.0,63.0
The Box,Mystery,3.3,79.0,87.0
Døde menn går på ski,Mystery,5.2,89.0,343.0
Midnight Taxi,Mystery,5.2,97.0,119.0
Beline,Mystery,5.5,88.0,1300.0
Haunting Trophies,Mystery,6.2,150.0,95.0
"Silent Night, Bloody Night 3: Descent",Mystery,3.2,100.0,213.0
That person has disappeared,Mystery,7.1,104.0,88.0
A Knife in the Dark,Mystery,3.2,76.0,91.0
Passages of Nexus,Mystery,5.3,108.0,327.0
Agastya - Chapter 1,Mystery,6.9,168.0,635.0
Glass Casa,Mystery,7.7,106.0,52.0
Dark Deceptions,Mystery,6.0,82.0,39.0
Idealnaya zhertva,Mystery,8.5,92.0,8.0
Not Your Average Family,Mystery,5.5,97.0,119.0
Housekeeping,Mystery,6.0,98.0,42.0
Killerwood,Mystery,6.6,84.0,69.0
Videotheque,Mystery,5.2,112.0,108.0
Daitya,Mystery,7.1,101.0,10.0
Anno 2020,Mystery,8.6,145.0,25.0
The Gatekeeper,Mystery,5.5,97.0,21.0
Welcome to the Game,Mystery,6.0,90.0,70.0
Raktaksha,Mystery,6.1,118.0,1700.0
Suspect,Mystery,4.5,94.0,92.0
Zim Zim Ala Kazim,Mystery,3.6,100.0,115.0
Swakaryam Sambhavabahulam,Mystery,6.3,116.0,187.0
Dream Lock,Mystery,8.2,100.0,24.0
Dead Man,Mystery,5.1,109.0,220.0
Shri Swapankumarer Badami Hyenar Kobole,Mystery,5.6,146.0,336.0
Scarlet Blue,Mystery,5.6,106.0,21.0
Lotus,Mystery,7.0,117.0,41.0
Gizmo,Mystery,6.1,77.0,8.0
Lipstick on the Glass,Mystery,4.1,116.0,15.0
O Clube das Mulheres de Negócios,Mystery,4.7,95.0,115.0
Una historia y ya...,Mystery,3.9,87.0,44.0
The Mermaid,Mystery,7.8,105.0,36.0
Gossip to Die For,Mystery,5.2,94.0,85.0
Amityville Turkey Day,Mystery,3.0,94.0,368.0
Hidden Memories,Mystery,5.8,84.0,33.0
Wishes of the Blue Girl,Mystery,4.3,73.0,382.0
Un trago de infierno,Mystery,7.6,90.0,5.0
Insane Like Me?,Mystery,4.4,86.0,60.0
Danger Zone,Mystery,8.7,122.0,6.0
Blue Christmas,Mystery,5.6,79.0,23.0
Muroi Shinji: Yaburezaru Mono,Mystery,6.3,115.0,31.0
Miss PJ,Mystery,5.3,115.0,67.0
Churul,Mystery,9.2,104.0,195.0
Real Estate Sisters,Mystery,4.5,84.0,31.0
Take Good Care,Mystery,6.1,101.0,8.0
Di Renjie: Tongtian xuan an,Mystery,6.8,85.0,21.0
Real Life Fiction,Mystery,4.1,95.0,81.0
The Haunting of Hollywood,Mystery,6.8,85.0,276.0
The Victims,Mystery,5.9,99.0,97.0
El Juego Del Poder,Mystery,8.2,95.0,12.0
Who Killed Angel Adams?,Mystery,6.4,76.0,25.0
The Mystery of Humanoid Puppet,Mystery,6.8,88.0,62.0
Strangers,Mystery,6.6,99.0,10.0
Into the Box,Mystery,7.6,96.0,10.0
Nayan Rahasya,Mystery,4.8,114.0,172.0
Chandranum Policeum,Mystery,8.5,113.0,580.0
Bo Nan Za,Mystery,9.1,61.0,29.0
Teddiscare,Mystery,2.0,82.0,177.0
Birthmark,Mystery,4.4,117.0,192.0
Bigul,Mystery,8.7,144.0,57.0
Durga,Mystery,8.6,134.0,174.0
10/31 Part 4,Mystery,5.5,87.0,19.0
Who Killed Terrance Brown?,Mystery,6.7,95.0,13.0
Rodnya,Mystery,5.9,99.0,14.0
Tale of the Land,Mystery,6.1,99.0,22.0
Pride,Mystery,9.0,125.0,13.0
Joy Hanu Man,Mystery,8.9,143.0,27.0
Lost Chapters,Mystery,6.7,68.0,22.0
Sanak,Mystery,8.7,153.0,10.0
L.I.F.E.,Mystery,4.1,108.0,31.0
Dharma Daiva,Mystery,8.0,112.0,28.0
Riptide,Mystery,6.9,85.0,10.0
Ellige Payana Yavudo Daari,Mystery,8.3,134.0,258.0
Danyang Mahar Tukar Nyawa,Mystery,5.9,110.0,10.0
First Person Savior,Mystery,4.9,81.0,12.0
Black.White.Red.,Mystery,7.8,93.0,25.0
Kalponik,Mystery,9.1,53.0,13.0
Dead Dead Full Dead,Mystery,6.6,110.0,14.0
Anak Perjanjian Syaitan 2,Mystery,6.4,89.0,34.0
SMB-plush presents trick or death,Mystery,7.5,120.0,18.0
Kadhai,Mystery,9.2,100.0,33.0
The Killing Performance,Mystery,5.8,128.0,29.0
Malam Keramat,Mystery,6.0,90.0,33.0
What Lies Within,Mystery,5.2,90.0,13.0
Dai jia fa de ren,Mystery,5.5,121.0,67.0
Dead Boys Club,Mystery,6.3,105.0,26.0
Aliens Uncovered: UFOs Over Arizona,Mystery,6.4,116.0,23.0
Artificial Evil Awakens,Mystery,9.1,63.0,12.0
Der Bote,Mystery,8.6,51.0,9.0
Clownface 3,Mystery,8.2,104.0,58.0
Ithuvare,Mystery,5.4,129.0,28.0
Aranyar Prachin Probad,Mystery,6.6,123.0,17.0
Tranquility: Ghost Stories,Mystery,7.6,88.0,53.0
Corridor,Mystery,5.9,108.0,10.0
Rukhwat,Mystery,7.6,117.0,10.0
All Suspects,Mystery,3.7,96.0,21.0
Saka Perawan,Mystery,5.1,91.0,57.0
Satham Indri Mutham Tha,Mystery,6.9,107.0,1200.0
Grayson's Encounter,Mystery,7.0,70.0,23.0
American Dirge,Mystery,9.7,81.0,6.0
Perfumed with Mint,Mystery,6.2,111.0,28.0
The Washer,Mystery,7.1,90.0,11.0
Tilottoma,Mystery,8.2,98.0,30.0
Aladiner Prodeepe Jevabe Doittyo Elo,Mystery,8.6,50.0,10.0
Aru Tozasareta Yuki no Sanso de,Mystery,5.1,109.0,150.0
Problematic Intentions,Mystery,4.6,90.0,15.0
A kiút,Mystery,9.6,47.0,60.0
The Stranger,Mystery,7.5,100.0,9.0
Transmedium: Fastmovers & USOs,Mystery,6.5,113.0,41.0
Moyurakkhi,Mystery,8.3,96.0,6.0
Bambara Wasanthe,Mystery,7.5,101.0,6.0
Vmeste navsegda,Mystery,8.5,93.0,8.0
Bahirbhoomi,Mystery,4.0,120.0,1100.0
A Coffin of Stars,Mystery,5.2,100.0,6.0
A Girl Upstairs,Mystery,6.2,90.0,50.0
Mother's Kingdom,Mystery,6.8,97.0,14.0
Vypusti menya,Mystery,6.6,78.0,33.0
"Rapunzel, El Perro y El Brujo",Mystery,7.6,109.0,22.0
Yaa Devi Sarva Bhuteshu,Mystery,8.7,119.0,9.0
Combat Code: Hunt,Mystery,7.7,76.0,20.0
Verified,Mystery,5.1,97.0,9.0
The Director's Cut,Mystery,4.2,82.0,16.0
Hometown Mysteries: A Farmhouse Murder,Mystery,2.4,106.0,5.0
Sragaal,Mystery,8.5,140.0,21.0
King Saud,Mystery,7.8,100.0,14.0
The Hole Story,Mystery,7.4,87.0,8.0
Within the Walls,Mystery,6.4,96.0,15.0
Misteri Bilik Korek Api,Mystery,5.6,73.0,10.0
"I'm Okay, We're Okay",Mystery,6.7,107.0,6.0
Biswas Villa-An Unfinished Story,Mystery,8.6,54.0,21.0
Kinoplenka N8,Mystery,4.3,110.0,59.0
Don't Open the Box,Mystery,7.0,45.0,9.0
La función,Mystery,5.7,93.0,8.0
It's Not the Time,Mystery,6.6,78.0,22.0
Khoroshie devochki,Mystery,8.7,91.0,8.0
The Burned Hand,Mystery,8.0,85.0,12.0
Demons vs. Ghosts,Mystery,7.6,92.0,8.0
Belyy parokhod,Mystery,7.7,97.0,10.0
So It Goes,Mystery,3.2,77.0,19.0
Lealtad o Morir,Mystery,8.5,87.0,11.0
Once Passed On,Mystery,6.6,91.0,7.0
Not One and Not Two,Mystery,5.6,72.0,6.0
