Movie_Name,Genre,Duration,Ratings,Voting_counts
Nosferatu,Mystery,2h 12m,7.2,230K
The Watchers,Mystery,1h 42m,5.7,61K
Longlegs,Mystery,1h 41m,6.6,202K
Blink Twice,Mystery,1h 42m,6.5,116K
Juror #2,Mystery,1h 54m,7.0,112K
Smile 2,Mystery,2h 7m,6.7,122K
Trap,Mystery,1h 45m,5.8,150K
It's What's Inside,Mystery,1h 43m,6.6,46K
Caddo Lake,Mystery,1h 43m,6.8,48K
A Sacrifice,Mystery,1h 34m,5.0,6.4K
Love Lies Bleeding,Mystery,1h 44m,6.6,60K
Red One,Mystery,2h 3m,6.3,145K
Paddington in Peru,Mystery,1h 46m,6.6,29K
Force of Nature: The Dry 2,Mystery,2h,5.9,8.2K
Sleeping Dogs,Mystery,1h 50m,6.2,24K
Witchboard,Mystery,1h 52m,5.7,504
The Deliverance,Mystery,1h 52m,5.1,24K
Night Swim,Mystery,1h 38m,4.7,29K
Slingshot,Mystery,1h 48m,5.7,11K
The Rule of Jenny Pen,Mystery,1h 44m,6.2,7.8K
Cuckoo,Mystery,1h 42m,5.7,31K
I Saw the TV Glow,Mystery,1h 40m,5.8,40K
F*** Marry Kill,Mystery,1h 37m,5.4,4.2K
The Instigators,Mystery,1h 41m,6.2,40K
Dirty Boy,Mystery,1h 38m,7.4,53
Monster Summer,Mystery,1h 37m,5.7,5.4K
The Damned,Mystery,1h 29m,5.7,6.5K
Hellboy: The Crooked Man,Mystery,1h 39m,4.5,15K
Time Cut,Mystery,1h 31m,5.0,21K
Exhuma,Mystery,2h 14m,6.9,26K
Blackwater Lane,Mystery,1h 48m,4.6,2.6K
Outbreak,Mystery,1h 28m,4.4,1.5K
Hidden Face,Mystery,1h 55m,6.1,754
Absolution,Mystery,1h 52m,5.2,9.6K
Within the Pines,Mystery,1h 13m,6.4,23
Watchmen: Chapter I,Mystery,1h 23m,7.1,7.5K
Boneyard,Mystery,1h 36m,4.1,5.5K
Long Gone Heroes,Mystery,1h 41m,5.1,1.6K
Colors of Evil: Red,Mystery,1h 51m,6.4,8.9K
Skincare,Mystery,1h 36m,5.7,5.3K
Killer Heat,Mystery,1h 35m,5.6,14K
Kishkindha Kaandam,Mystery,2h 13m,8.0,14K
Turtles All the Way Down,Mystery,1h 51m,6.6,7.9K
Afraid,Mystery,1h 24m,5.2,15K
Dan Da Dan: First Encounter,Mystery,1h 23m,8.2,3.3K
Orion and the Dark,Mystery,1h 33m,6.3,18K
Imaginary,Mystery,1h 44m,4.7,18K
Sookshma Darshini,Mystery,2h 22m,7.8,12K
Ghost Train,Mystery,1h 34m,4.9,143
Mr. K,Mystery,1h 34m,5.4,1.4K
Watchmen: Chapter II,Mystery,1h 30m,7.1,3.9K
Die Alone,Mystery,1h 30m,5.8,4.3K
Karma,Mystery,2h 47m,7.9,1.5K
The Ruse,Mystery,1h 45m,7.1,586
Damaged,Mystery,1h 37m,4.7,7.9K
Saint Clare,Mystery,1h 32m,4.5,735
Do Patti,Mystery,2h 6m,6.3,70K
Hunting Daze,Mystery,1h 19m,5.4,631
The Girl in the Pool,Mystery,1h 29m,4.3,1.7K
Depravity,Mystery,1h 57m,4.3,1.3K
Badland Hunters,Mystery,1h 47m,5.9,13K
Triumph,Mystery,1h 38m,5.2,342
Brief History of a Family,Mystery,1h 40m,6.8,624
The Best Christmas Pageant Ever,Mystery,1h 39m,6.8,6.4K
Handling the Undead,Mystery,1h 37m,5.3,4.7K
Bougainvillea,Mystery,2h 18m,6.4,3.5K
Drugstore June,Mystery,1h 31m,5.4,1.9K
Anweshippin Kandethum,Mystery,2h 22m,7.4,11K
Wynonna Earp: Vengeance,Mystery,1h 36m,5.6,1.8K
Pedro Páramo,Mystery,2h 10m,6.3,3.3K
Cult Killer,Mystery,1h 45m,4.8,3.1K
The Soul Eater,Mystery,1h 48m,5.8,3.3K
She's Got No Name,Mystery,1h 34m,5.4,366
Golam,Mystery,2h,7.2,6.4K
Revolver,Mystery,1h 54m,5.5,1K
Kryptic,Mystery,1h 42m,4.0,691
Mononoke the Movie: The Phantom in the Rain,Mystery,1h 29m,6.7,1.6K
Classified,Mystery,1h 45m,3.7,3K
The Tiger's Apprentice,Mystery,1h 24m,5.8,2.3K
Vina: Before 7 Days,Mystery,1h 40m,5.4,680
Reunion,Mystery,1h 30m,5.6,3.8K
The Image of You,Mystery,1h 30m,4.6,948
Black,Mystery,1h 55m,7.1,3K
Thalavan,Mystery,2h 11m,7.2,5.8K
The Ugly,Mystery,1h 42m,N/A,N/A
Detained,Mystery,1h 37m,4.9,2K
The Great Lillian Hall,Mystery,1h 50m,7.3,2.2K
City Hunter,Mystery,1h 42m,6.3,5.9K
Believer,Mystery,1h 48m,4.7,501
To Kill a Wolf,Mystery,1h 32m,8.7,92
Bloodline Killer,Mystery,1h 45m,4.3,5.4K
American Star,Mystery,1h 47m,5.5,2.6K
A Strange House,Mystery,1h 50m,5.2,417
Inheritance,Mystery,1h 34m,5.1,3.8K
Merry Christmas,Mystery,2h 24m,6.9,30K
Following,Mystery,1h 42m,6.5,1.5K
Sikandar Ka Muqaddar,Mystery,2h 22m,6.0,25K
Abraham Ozler,Mystery,2h 23m,6.6,4.7K
Heresy,Mystery,1h 1m,6.8,344
Murder Mubarak,Mystery,2h 20m,5.8,51K
Detective Conan: The Million-Dollar Pentagram,Mystery,1h 51m,6.7,1.7K
Campton Manor,Mystery,1h 23m,3.4,268
Gazer,Mystery,1h 54m,5.6,359
Crescent City,Mystery,1h 43m,3.9,1.5K
Arcadia,Mystery,1h 39m,6.9,559
The Sand Castle,Mystery,1h 38m,4.7,1.8K
Unknown Caller,Mystery,1h 3m,7.3,35
Dancing Village: The Curse Begins,Mystery,2h 2m,5.7,4.3K
Rippy,Mystery,1h 23m,4.2,1.1K
Serpent's Path,Mystery,1h 52m,5.8,329
The Lost Daughter,Mystery,1h 39m,5.6,349
Salawahan,Mystery,1h 56m,4.4,498
Sam and Colby: The Legends of the Paranormal,Mystery,1h 38m,4.8,321
Solvent,Mystery,1h 34m,7.2,462
My Husband Hired a Hitman,Mystery,1h 32m,4.6,96
Hunting Matthew Nichols,Mystery,1h 36m,8.2,56
Guess Who,Mystery,1h 33m,4.8,379
At Her Feet,Mystery,1h 40m,7.6,76
Karma's a Bitch,Mystery,1h 29m,4.7,50
Midnight Express,Mystery,1h 4m,8.4,7
The Fall of 2008,Mystery,1h 1m,5.8,12
The Price of Money: A Largo Winch Adventure,Mystery,1h 40m,5.1,1.4K
Killer Body Count,Mystery,1h 49m,4.7,710
The North Witch,Mystery,1h 20m,4.2,164
Drive Back,Mystery,1h 34m,4.5,788
Cheat,Mystery,1h 45m,4.1,228
Cinderella's Curse,Mystery,1h 22m,3.4,1.4K
Rautu Ka Raaz,Mystery,1h 54m,6.3,2K
Strictly Confidential,Mystery,1h 34m,2.8,896
Uninvited,Mystery,1h 33m,5.6,383
A Place Called Silence,Mystery,1h 59m,6.5,1.4K
Phir Aayi Hasseen Dillruba,Mystery,2h 12m,5.8,7.1K
Cinderella's Revenge,Mystery,1h 25m,3.8,1.3K
Sheriff,Mystery,2h 13m,6.9,1.2K
Its Name Was Mormo,Mystery,1h 33m,3.7,207
Doctor X: The Movie,Mystery,2h 8m,7.4,98
The Dead Thing,Mystery,1h 34m,4.7,1.1K
Daft State,Mystery,N/A,5.8,59
The Hangman,Mystery,1h 32m,3.3,1.1K
A Stranger's Child,Mystery,1h 28m,5.6,166
Somebody,Mystery,1h 52m,6.5,111
Chapter 51,Mystery,2h,N/A,N/A
The Kingdom,Mystery,2h 13m,7.0,163
They Called Him Mostly Harmless,Mystery,1h 29m,5.9,3.4K
The Monster Beneath Us,Mystery,1h 43m,5.0,514
Cellphone,Mystery,1h 28m,3.0,766
Borderless Fog,Mystery,1h 50m,5.2,1.4K
Paranoia,Mystery,1h 35m,4.1,419
Behave,Mystery,1h 28m,2.6,245
You Will Die in 6 Hours,Mystery,1h 31m,5.0,347
Kondal,Mystery,2h 27m,5.3,814
Transamazonia,Mystery,1h 52m,5.9,88
Missing Child Videotape,Mystery,1h 44m,5.5,288
Kurukku,Mystery,1h 49m,6.3,544
Chapel,Mystery,1h 32m,3.3,206
#AMFAD: All My Friends Are Dead,Mystery,1h 31m,4.5,1.3K
Ranam Aram Thavarel,Mystery,2h 1m,5.9,820
Free Falling,Mystery,1h 29m,5.2,320
Horror in the High Desert 3: Firewatch,Mystery,1h 28m,5.4,806
Gaami,Mystery,2h 27m,6.3,2.1K
House of Lies,Mystery,1h 22m,3.8,193
Granny,Mystery,40m,7.3,9
Stupid Games,Mystery,1h 26m,4.2,464
Held Hostage in My House,Mystery,1h 30m,4.6,158
The Backrooms,Mystery,1h 3m,8.5,18
DNA,Mystery,2h 36m,5.4,230
The American Backyard,Mystery,1h 47m,6.1,298
Flesh of the Unforgiven,Mystery,1h 28m,7.5,69
Oshi no Ko: The Final Act,Mystery,2h 9m,6.1,220
"April, Come She Will",Mystery,1h 48m,6.2,487
Faultline,Mystery,1h 32m,4.7,152
Live or Dead: The García File,Mystery,1h 24m,6.6,96
Hello Neighbor,Mystery,N/A,7.9,17
The Yin Yang Master Zero,Mystery,1h 52m,5.7,311
Séance Games: Metaxu,Mystery,1h 26m,3.7,398
Vertical,Mystery,1h 51m,5.2,154
10 Days of a Curious Man,Mystery,1h 50m,5.7,1.4K
Perfect Blue,Mystery,N/A,7.0,11
Perewangan,Mystery,1h 49m,5.4,193
Birthright,Mystery,1h 20m,5.3,268
Drive,Mystery,1h 30m,5.6,390
Athomugam,Mystery,2h 10m,7.0,657
While You Were Sleeping,Mystery,1h 39m,6.0,181
Pogumidam Vegu Thooramillai,Mystery,2h 13m,7.3,3.9K
Haze,Mystery,1h 16m,6.4,56
Chaalchitro: The Frame Fatale,Mystery,2h 4m,6.4,951
What Happens in Miami,Mystery,1h 30m,4.3,225
Danger in the Dorm,Mystery,1h 26m,5.0,169
Dark Night of the Soul,Mystery,1h 21m,3.1,187
Shark Island,Mystery,1h 21m,3.1,147
The Manifestation,Mystery,1h 24m,3.5,207
Can You Hear Me?,Mystery,1h 33m,N/A,N/A
Portraits,Mystery,1h 22m,4.7,49
First Nights at Freddy's,Mystery,1h 38m,9.0,22
Murder and Cocktails,Mystery,1h 28m,3.9,374
9 Windows,Mystery,1h 22m,3.6,334
From Darkness,Mystery,1h 35m,4.9,613
Lunacy,Mystery,1h 17m,5.0,67
About a Hero,Mystery,1h 24m,6.2,64
Deadly Invitations,Mystery,1h 29m,4.1,188
In Our Blood,Mystery,1h 29m,6.8,52
The Private Eye,Mystery,1h 55m,5.4,277
Vivekam,Mystery,1h 44m,8.2,308
Andhagan,Mystery,2h 22m,6.6,1.2K
Six jours,Mystery,1h 35m,5.8,307
ClearMind,Mystery,1h 25m,4.1,2.2K
Waterdrop,Mystery,1h 30m,7.0,62
Prasanna Vadanam,Mystery,2h 26m,6.6,581
Tell No Lies,Mystery,1h 44m,5.0,252
#Models Wanted,Mystery,N/A,8.9,189
Amp House Massacre,Mystery,1h 20m,3.8,206
Final Girl: Halloween,Mystery,1h 25m,3.8,116
Darah Nyai,Mystery,1h 30m,7.0,8
The Sintern,Mystery,1h 38m,4.7,158
7/G,Mystery,2h 20m,4.3,645
Last Stop: Rocafort St.,Mystery,1h 29m,4.1,530
Next to Us,Mystery,2h 5m,4.9,231
The Redemption of Sin,Mystery,1h 56m,5.6,257
Dark Feathers: Dance of the Geisha,Mystery,1h 33m,6.0,1.1K
A Stranger in the Woods,Mystery,1h 23m,4.8,715
The Stalking,Mystery,1h 12m,3.8,56
Killer Influence,Mystery,1h 24m,2.6,334
Go Away,Mystery,N/A,4.2,234
You Are Not Alone,Mystery,1h 45m,6.0,83
Partners,Mystery,1h 50m,4.8,130
Bhoothaddam Bhaskar Narayana,Mystery,2h 21m,6.2,296
Room 0,Mystery,1h 42m,3.1,222
The Choice,Mystery,40m,9.5,8
Aftermath,Mystery,1h 18m,5.2,4.4K
Rakshana,Mystery,2h 19m,5.5,1.2K
Kuramerukagari,Mystery,1h 1m,5.8,93
Snow Valley,Mystery,1h 15m,2.8,354
Night Curfew,Mystery,N/A,8.2,7
The Man Who Loved UFOs,Mystery,1h 47m,5.3,651
Kizumonogatari: Koyomi Vamp,Mystery,2h 24m,7.1,126
The Star City Murders,Mystery,1h 19m,4.1,156
Mannequin,Mystery,N/A,6.5,119
Burning Butterflies,Mystery,1h 43m,7.6,101
The Last Chainsaw Massacre,Mystery,1h 15m,3.7,43
Buying Time,Mystery,1h 24m,6.3,510
Algiers,Mystery,1h 33m,7.7,73
Wicked Season,Mystery,N/A,4.8,56
The Dragon's Tomb,Mystery,1h 17m,6.7,60
Simbaa,Mystery,2h 1m,5.7,2.2K
Nico,Mystery,1h 49m,8.2,51
The Apocalypse Box,Mystery,1h 26m,3.3,250
What Happened to Suzy,Mystery,1h 34m,6.3,97
Inti Number 13,Mystery,2h 7m,7.6,1.1K
A Thousand Cuts,Mystery,N/A,N/A,N/A
Secret,Mystery,1h 59m,3.9,770
A Song from the Dark,Mystery,1h 45m,4.9,2.2K
Carnage for Christmas,Mystery,1h 9m,4.5,355
Kaljiga,Mystery,1h 54m,8.4,44
Flashlight,Mystery,1h 17m,6.0,18
The Shadow,Mystery,1h 30m,6.4,291
Foreclosure 2,Mystery,1h 17m,3.2,150
LasseMajas detektivbyrå - Maskoten som försvann,Mystery,1h 30m,6.0,74
The Unseen Sister,Mystery,1h 52m,6.7,1.1K
The Birthday Boy,Mystery,1h 58m,8.0,3.1K
The Trail,Mystery,1h 20m,7.8,38
Octopus with Broken Arms,Mystery,1h 49m,6.1,362
Morena,Mystery,1h 46m,5.3,132
Guadalupe: Mother of Humanity,Mystery,1h 42m,6.9,44
The Temp,Mystery,N/A,6.0,51
Hunters on a White Field,Mystery,1h 40m,4.9,473
The Twelve Step Strangler,Mystery,N/A,4.6,8
Cold Blows the Wind,Mystery,1h 25m,5.7,810
Don't Look Back... I Know Your Origins,Mystery,1h 44m,3.7,116
Dr. Jason II: Lights & Shadows,Mystery,1h 2m,4.9,384
Dismissed,Mystery,1h 31m,5.9,135
Best Man Dead Man,Mystery,1h 23m,6.5,56
Memes & Nightmares,Mystery,1h 21m,5.7,96
Backfire,Mystery,N/A,N/A,N/A
Water Horse,Mystery,1h 25m,5.1,264
Like Aani Subscribe,Mystery,2h 20m,7.2,6.2K
Cidade; Campo,Mystery,1h 59m,6.3,160
Tenant,Mystery,1h 39m,3.7,214
Bato: Road to Death,Mystery,2h 17m,5.4,777
The Hunter's Anthology: The Demon Hunter,Mystery,2h 6m,4.7,105
Tragic,Mystery,1h 36m,9.0,21
DreadClub: Vampire's Verdict,Mystery,1h 28m,5.0,80
Somewhere Confidential,Mystery,N/A,9.2,12
Sakura,Mystery,1h 59m,6.2,81
Candlelight My Way,Mystery,1h 35m,N/A,N/A
The Epidemic,Mystery,1h 35m,5.9,72
A Cold Grave,Mystery,1h 15m,3.5,280
The Night Curse of Reatrei,Mystery,1h 35m,4.4,121
Huggin Molly,Mystery,54m,5.9,88
Fidan,Mystery,N/A,7.0,86
The Legend of the Vagabond Queen of Lagos,Mystery,1h 40m,7.8,50
I Married as the Replacement Bride,Mystery,N/A,7.5,47
Bodiless,Mystery,1h 30m,5.7,1.2K
Scopophobia,Mystery,1h 40m,5.3,92
Tears of Blood,Mystery,1h 28m,9.7,8
Zateryannye,Mystery,1h 30m,6.0,225
The Women in the Lakes,Mystery,2h 21m,4.9,34
Asher and Ruth,Mystery,1h 3m,N/A,N/A
200KG Vampire,Mystery,1h 33m,4.1,63
Waterdrop,Mystery,1h 48m,N/A,N/A
The Box,Mystery,1h 19m,3.3,87
Døde menn går på ski,Mystery,1h 29m,5.2,343
Midnight Taxi,Mystery,1h 37m,5.2,119
Beline,Mystery,1h 28m,5.5,1.3K
Karina,Mystery,1h 30m,6.3,70
Haunting Trophies,Mystery,2h 30m,6.2,95
Chithini,Mystery,2h 31m,6.1,554
PinkCity: A Psychedelic Meditation,Mystery,1h 35m,N/A,N/A
Asesinos Notables,Mystery,N/A,N/A,N/A
"Silent Night, Bloody Night 3: Descent",Mystery,1h 40m,3.2,213
That person has disappeared,Mystery,1h 44m,7.1,88
Dirty Thirty,Mystery,1h 36m,N/A,N/A
A Knife in the Dark,Mystery,1h 16m,3.2,91
Passages of Nexus,Mystery,1h 48m,5.3,327
Agastya - Chapter 1,Mystery,2h 48m,6.9,635
An Intruder Among Us,Mystery,N/A,8.8,42
Glass Casa,Mystery,1h 46m,7.7,52
The Secret of Pin-Up Island,Mystery,1h 47m,7.3,98
Dark Deceptions,Mystery,1h 22m,6.0,39
Levizia,Mystery,N/A,N/A,N/A
Idealnaya zhertva,Mystery,1h 32m,8.5,8
Not Your Average Family,Mystery,1h 37m,5.5,119
Housekeeping,Mystery,1h 38m,6.0,42
Soch - A perception,Mystery,N/A,8.2,40
Killerwood,Mystery,1h 24m,6.6,69
Videotheque,Mystery,1h 52m,5.2,108
We Are Tourists,Mystery,1h 37m,N/A,N/A
Night Demon,Mystery,1h,N/A,N/A
Cora,Mystery,N/A,7.1,28
Daitya,Mystery,1h 41m,7.1,10
Anno 2020,Mystery,2h 25m,8.6,25
Treasures of Terror: Vol 1,Mystery,N/A,4.2,21
The Gatekeeper,Mystery,1h 37m,5.5,21
Welcome to the Game,Mystery,1h 30m,6.0,70
Raktaksha,Mystery,1h 58m,6.1,1.7K
Suspect,Mystery,1h 34m,4.5,92
Zim Zim Ala Kazim,Mystery,1h 40m,3.6,115
Swakaryam Sambhavabahulam,Mystery,1h 56m,6.3,187
Dream Lock,Mystery,1h 40m,8.2,24
Dead Man,Mystery,1h 49m,5.1,220
Detective Conan vs. Kid the Phantom Thief,Mystery,1h 21m,6.1,178
Shri Swapankumarer Badami Hyenar Kobole,Mystery,2h 26m,5.6,336
Scarlet Blue,Mystery,1h 46m,5.6,21
Lotus,Mystery,1h 57m,7.0,41
Gizmo,Mystery,1h 17m,6.1,8
Lipstick on the Glass,Mystery,1h 56m,4.1,15
The Land of Morning Calm,Mystery,1h 53m,6.4,40
Ten Toes Down,Mystery,N/A,7.4,41
O Clube das Mulheres de Negócios,Mystery,1h 35m,4.7,115
Una historia y ya...,Mystery,1h 27m,3.9,44
The Mermaid,Mystery,1h 45m,7.8,36
Advent,Mystery,1h 59m,7.5,6
Gossip to Die For,Mystery,1h 34m,5.2,85
This Land of Mine,Mystery,1h 30m,4.5,38
Inquietus,Mystery,N/A,7.0,7
Amityville Turkey Day,Mystery,1h 34m,3.0,368
Hidden Memories,Mystery,1h 24m,5.8,33
Wishes of the Blue Girl,Mystery,1h 13m,4.3,382
Un trago de infierno,Mystery,1h 30m,7.6,5
Insane Like Me?,Mystery,1h 26m,4.4,60
Danger Zone,Mystery,2h 2m,8.7,6
Blue Christmas,Mystery,1h 19m,5.6,23
Muroi Shinji: Yaburezaru Mono,Mystery,1h 55m,6.3,31
Miss PJ,Mystery,1h 55m,5.3,67
Nature Cat's Nature Movie Special Extraordinaire,Mystery,53m,7.1,22
Churul,Mystery,1h 44m,9.2,195
Real Estate Sisters,Mystery,1h 24m,4.5,31
Mesken (Messuage),Mystery,1h 39m,6.8,51
Take Good Care,Mystery,1h 41m,6.1,8
Di Renjie: Tongtian xuan an,Mystery,1h 25m,6.8,21
Real Life Fiction,Mystery,1h 35m,4.1,81
Katabasis,Mystery,N/A,7.1,36
The Haunting of Hollywood,Mystery,1h 25m,6.8,276
The Victims,Mystery,1h 39m,5.9,97
El Juego Del Poder,Mystery,1h 35m,8.2,12
Who Killed Angel Adams?,Mystery,1h 16m,6.4,25
The Mystery of Humanoid Puppet,Mystery,1h 28m,6.8,62
Last Party,Mystery,N/A,8.3,23
Strangers,Mystery,1h 39m,6.6,10
Dream Thief,Mystery,N/A,N/A,N/A
Dindin,Mystery,1h 16m,N/A,N/A
Reptilians: Serpent Kings and Ancient Rulers,Mystery,3h 14m,N/A,N/A
Into the Box,Mystery,1h 36m,7.6,10
Nayan Rahasya,Mystery,1h 54m,4.8,172
Chandranum Policeum,Mystery,1h 53m,8.5,580
Bo Nan Za,Mystery,1h 1m,9.1,29
Dont,Mystery,47m,N/A,N/A
Teddiscare,Mystery,1h 22m,2.0,177
Nasibpura,Mystery,N/A,6.0,10
An Ordinary Killer,Mystery,N/A,N/A,N/A
Birthmark,Mystery,1h 57m,4.4,192
Astrid's Saints,Mystery,N/A,7.2,10
Bigul,Mystery,2h 24m,8.7,57
Phantasm,Mystery,11m,N/A,N/A
"Ivan Shade, Undead P.I.",Mystery,N/A,N/A,N/A
Durga,Mystery,2h 14m,8.6,174
10/31 Part 4,Mystery,1h 27m,5.5,19
Gunfighter Paradise,Mystery,N/A,8.8,18
Winner,Mystery,1h 8m,5.1,31
Who Killed Terrance Brown?,Mystery,1h 35m,6.7,13
Fanum: Ombre dal passato,Mystery,N/A,N/A,N/A
Rodnya,Mystery,1h 39m,5.9,14
Tale of the Land,Mystery,1h 39m,6.1,22
Pride,Mystery,2h 5m,9.0,13
Kaya,Mystery,N/A,7.6,5
Shadows of Betrayal: Chronicles of Ian Blair,Mystery,1h 5m,7.3,17
Joy Hanu Man,Mystery,2h 23m,8.9,27
Los visitados,Mystery,N/A,6.5,6
Lost Chapters,Mystery,1h 8m,6.7,22
Sanak,Mystery,2h 33m,8.7,10
L.I.F.E.,Mystery,1h 48m,4.1,31
Rangeet,Mystery,N/A,N/A,N/A
Dharma Daiva,Mystery,1h 52m,8.0,28
Riptide,Mystery,1h 25m,6.9,10
Ellige Payana Yavudo Daari,Mystery,2h 14m,8.3,258
The Journalist,Mystery,N/A,N/A,N/A
Changle zhen gui shi,Mystery,1h 28m,N/A,N/A
Danyang Mahar Tukar Nyawa,Mystery,1h 50m,5.9,10
Grimmwood,Mystery,N/A,8.1,17
The Monkey Men,Mystery,1h 46m,N/A,N/A
Creatures of Habit,Mystery,N/A,N/A,N/A
The Devil's Signature,Mystery,1h 27m,N/A,N/A
First Person Savior,Mystery,1h 21m,4.9,12
Ruki vverkh!,Mystery,1h 42m,5.5,280
Black.White.Red.,Mystery,1h 33m,7.8,25
The Psychiatrist: Session Begins,Mystery,N/A,N/A,N/A
The Spoils,Mystery,N/A,8.5,120
Kalponik,Mystery,53m,9.1,13
Dead Dead Full Dead,Mystery,1h 50m,6.6,14
Anak Perjanjian Syaitan 2,Mystery,1h 29m,6.4,34
SMB-plush presents trick or death,Mystery,2h,7.5,18
Case 19: Vichchhiya,Mystery,51m,N/A,N/A
Cluedo,Mystery,1h 18m,N/A,N/A
Jin Qian Bao Lei,Mystery,N/A,4.0,16
Mystery Creek,Mystery,1h 54m,N/A,N/A
Los Alamos,Mystery,1h 31m,N/A,N/A
Kadhai,Mystery,1h 40m,9.2,33
The Killing Performance,Mystery,2h 8m,5.8,29
Malam Keramat,Mystery,1h 30m,6.0,33
Ready or Not (Dot),Mystery,1h 14m,N/A,N/A
What Lies Within,Mystery,1h 30m,5.2,13
Dai jia fa de ren,Mystery,2h 1m,5.5,67
Family Guy Plush: Peter Is Afraid,Mystery,1h 49m,N/A,N/A
Xiang Xi Gui Shi,Mystery,1h 12m,N/A,N/A
Dead Boys Club,Mystery,1h 45m,6.3,26
Aliens Uncovered: UFOs Over Arizona,Mystery,1h 56m,6.4,23
Artificial Evil Awakens,Mystery,1h 3m,9.1,12
La volpe e l'uva,Mystery,1h 45m,N/A,N/A
Der Bote,Mystery,51m,8.6,9
Clownface 3,Mystery,1h 44m,8.2,58
Ithuvare,Mystery,2h 9m,5.4,28
Aranyar Prachin Probad,Mystery,2h 3m,6.6,17
Fragmentos de Olvido,Mystery,1h 34m,N/A,N/A
Aquele que Viu o Abismo,Mystery,1h 10m,N/A,N/A
Tranquility: Ghost Stories,Mystery,1h 28m,7.6,53
Corridor,Mystery,1h 48m,5.9,10
Husna,Mystery,2h 30m,N/A,N/A
El Portal,Mystery,N/A,N/A,N/A
Ictus: Paciente Cero,Mystery,N/A,N/A,N/A
Going South,Mystery,1h 22m,N/A,N/A
The Whisper Within the Woods,Mystery,N/A,7.7,27
Sathaan,Mystery,N/A,N/A,N/A
Rukhwat,Mystery,1h 57m,7.6,10
All Suspects,Mystery,1h 36m,3.7,21
In Unison,Mystery,1h 40m,N/A,N/A
Mion,Mystery,1h 6m,N/A,N/A
Midnight at the Limbo Lounge,Mystery,N/A,N/A,N/A
Saka Perawan,Mystery,1h 31m,5.1,57
Satham Indri Mutham Tha,Mystery,1h 47m,6.9,1.2K
Grayson's Encounter,Mystery,1h 10m,7.0,23
American Dirge,Mystery,1h 21m,9.7,6
Homeboy,Mystery,N/A,6.5,23
Perfumed with Mint,Mystery,1h 51m,6.2,28
Thy Will Be Done,Mystery,1h 38m,N/A,N/A
Barzakh,Mystery,1h 24m,N/A,N/A
Hood Safari,Mystery,1h 11m,N/A,N/A
When Autumn Comes,Mystery,1h 21m,N/A,N/A
Treasures of Terror: Vol 2,Mystery,N/A,3.8,13
The Washer,Mystery,1h 30m,7.1,11
Vikaasaparva,Mystery,2h 14m,8.4,545
Yao guai sen lin,Mystery,1h 26m,6.3,7
Regina,Mystery,1h 15m,N/A,N/A
Socker 2: Old Pals,Mystery,2h 30m,N/A,N/A
Perpetuate the Beast,Mystery,N/A,N/A,N/A
Tilottoma,Mystery,1h 38m,8.2,30
Tatkshan,Mystery,N/A,8.4,22
Aladiner Prodeepe Jevabe Doittyo Elo,Mystery,50m,8.6,10
Once Upon a Time in China,Mystery,1h 22m,N/A,N/A
Aru Tozasareta Yuki no Sanso de,Mystery,1h 49m,5.1,150
Oro Negro,Mystery,N/A,N/A,N/A
Hypno,Mystery,1h 15m,N/A,N/A
7 Vidas,Mystery,1h 20m,N/A,N/A
The Gray Girl,Mystery,1h 20m,N/A,N/A
Pop the Pickel,Mystery,1h 20m,N/A,N/A
Problematic Intentions,Mystery,1h 30m,4.6,15
Strange Magick,Mystery,1h 28m,N/A,N/A
A kiút,Mystery,47m,9.6,60
The Stranger,Mystery,1h 40m,7.5,9
Maid to Kill,Mystery,1h 31m,N/A,N/A
Green,Mystery,N/A,N/A,N/A
Apatiya,Mystery,N/A,6.9,53
Transmedium: Fastmovers & USOs,Mystery,1h 53m,6.5,41
Moyurakkhi,Mystery,1h 36m,8.3,6
Wei Xian Zheng Ju,Mystery,N/A,N/A,N/A
Pisara - Mystery Within Mystery,Mystery,N/A,8.8,6
Bhediya: The Hunter,Mystery,2h 5m,N/A,N/A
Widowbird,Mystery,1h 25m,N/A,N/A
Cloud Chamber,Mystery,1h 54m,N/A,N/A
Bambara Wasanthe,Mystery,1h 41m,7.5,6
Vmeste navsegda,Mystery,1h 33m,8.5,8
Leatherbound,Mystery,N/A,8.0,8
History of Halloween,Mystery,48m,N/A,N/A
Bahirbhoomi,Mystery,2h,4.0,1.1K
Mezhdu nami,Mystery,1h 33m,5.2,40
A Coffin of Stars,Mystery,1h 40m,5.2,6
A Girl Upstairs,Mystery,1h 30m,6.2,50
Mother's Kingdom,Mystery,1h 37m,6.8,14
Vypusti menya,Mystery,1h 18m,6.6,33
"Rapunzel, El Perro y El Brujo",Mystery,1h 49m,7.6,22
Two Girls,Mystery,1h 28m,N/A,N/A
Mystic Odyssey,Mystery,2h 24m,N/A,N/A
Yaa Devi Sarva Bhuteshu,Mystery,1h 59m,8.7,9
A Loose Skeleton,Mystery,1h 15m,N/A,N/A
The Mini Lights,Mystery,1h 20m,N/A,N/A
Spectre: Shadow Night,Mystery,N/A,N/A,N/A
Umbral,Mystery,N/A,N/A,N/A
Combat Code: Hunt,Mystery,1h 16m,7.7,20
It is Only Sound that Remains,Mystery,1h 30m,N/A,N/A
Imperfection,Mystery,1h 11m,N/A,N/A
Rem,Mystery,1h 12m,N/A,N/A
The Answer to All Questions,Mystery,N/A,6.7,17
Verified,Mystery,1h 37m,5.1,9
Your Loving Mother,Mystery,1h 54m,N/A,N/A
Deux hommes un destin,Mystery,1h 34m,N/A,N/A
The Director's Cut,Mystery,1h 22m,4.2,16
Hometown Mysteries: A Farmhouse Murder,Mystery,1h 46m,2.4,5
L'Aigle Du Vieux-Moulin,Mystery,50m,N/A,N/A
Universe,Mystery,1h 32m,N/A,N/A
Sragaal,Mystery,2h 20m,8.5,21
King Saud,Mystery,1h 40m,7.8,14
The Hole Story,Mystery,1h 27m,7.4,8
Murder at Rough Point,Mystery,1h 11m,N/A,N/A
Piri Reis: The Incredible Chart,Mystery,2h 18m,7.0,27
Samhain,Mystery,N/A,N/A,N/A
Within the Walls,Mystery,1h 36m,6.4,15
At Sea,Mystery,1h 7m,N/A,N/A
"...Mayombe, Paula?",Mystery,N/A,N/A,N/A
Mid West,Mystery,N/A,N/A,N/A
Misteri Bilik Korek Api,Mystery,1h 13m,5.6,10
The Man,Mystery,1h 4m,N/A,N/A
Ramuvinte Manaivikal,Mystery,1h 56m,N/A,N/A
A Question of Guilt,Mystery,N/A,6.2,24
Dank Frank,Mystery,1h 23m,N/A,N/A
The Law of Attraction,Mystery,N/A,N/A,N/A
Things We Lost Last Night,Mystery,1h 3m,N/A,N/A
Five Nights at Freddy's Minecraft Roleplay Movie,Mystery,1h 24m,N/A,N/A
Toys R Us (Fanmade FIim),Mystery,2h,N/A,N/A
"I'm Okay, We're Okay",Mystery,1h 47m,6.7,6
Qianhe xiansheng,Mystery,1h 22m,4.4,5
Korsakoff,Mystery,1h 40m,N/A,N/A
Crime by Design,Mystery,N/A,N/A,N/A
God Ain't Sleep,Mystery,1h 20m,N/A,N/A
The Scarlet Fry Collection,Mystery,N/A,N/A,N/A
Mr. Stones,Mystery,N/A,N/A,N/A
The Boy Inside the Cocoon,Mystery,2h 6m,N/A,N/A
Exipsosi,Mystery,N/A,N/A,N/A
AusWeg,Mystery,N/A,8.7,42
Biswas Villa-An Unfinished Story,Mystery,54m,8.6,21
Aliens Uncovered: The Land of Legends,Mystery,N/A,7.3,14
Soul Harvest,Mystery,N/A,N/A,N/A
"Munaa, the legend (Part1)",Mystery,42m,N/A,N/A
Giant fish,Mystery,1h 24m,N/A,N/A
The Faceless Man Project,Mystery,1h 29m,N/A,N/A
Kinoplenka N8,Mystery,1h 50m,4.3,59
Aliens Uncovered: The Thunder God,Mystery,N/A,7.5,12
Don't Open the Box,Mystery,45m,7.0,9
La función,Mystery,1h 33m,5.7,8
Black Game Night,Mystery,N/A,N/A,N/A
Endgame,Mystery,N/A,N/A,N/A
21.4,Mystery,1h 52m,N/A,N/A
Crossroad,Mystery,N/A,8.2,13
It's Not the Time,Mystery,1h 18m,6.6,22
Word,Mystery,N/A,8.0,11
Odile: Opening before Christmas,Mystery,N/A,6.6,17
Khoroshie devochki,Mystery,1h 31m,8.7,8
Reefer Monster Madness,Mystery,N/A,N/A,N/A
The Death of Sysiphus,Mystery,36m,N/A,N/A
Dragoons,Mystery,1h 17m,N/A,N/A
Le discours des songes,Mystery,1h 10m,N/A,N/A
Crew Without a Clue,Mystery,1h 53m,N/A,N/A
The Burned Hand,Mystery,1h 25m,8.0,12
Okhota na russkogo geniya,Mystery,1h 11m,5.5,13
Mad Dreams,Mystery,1h 23m,N/A,N/A
Frozen Run,Mystery,1h 31m,N/A,N/A
The Royal Family Alien Lizard People,Mystery,N/A,N/A,N/A
The Old Baraboo Inn,Mystery,48m,N/A,N/A
Ghost of Spring,Mystery,1h 18m,N/A,N/A
Intuition,Mystery,N/A,N/A,N/A
The Statement,Mystery,N/A,N/A,N/A
Demons vs. Ghosts,Mystery,1h 32m,7.6,8
A Woman with a Wooden Cart,Mystery,N/A,5.6,9
Tomb Guardian Man,Mystery,N/A,N/A,N/A
Blue Caveman,Mystery,N/A,N/A,N/A
Spiracy,Mystery,N/A,N/A,N/A
The Film Lost to Time,Mystery,1h 15m,N/A,N/A
Teorem,Mystery,1h 28m,N/A,N/A
Paranormal Encounters at the Miami YMCA,Mystery,52m,N/A,N/A
The Killer,Mystery,N/A,N/A,N/A
Duplicitous Minds,Mystery,N/A,N/A,N/A
LOST: Avalon Station,Mystery,N/A,N/A,N/A
Hi8 Resurrectio Director's Cut,Mystery,1h 17m,N/A,N/A
Cose nere,Mystery,1h 23m,N/A,N/A
Belyy parokhod,Mystery,1h 37m,7.7,10
So It Goes,Mystery,1h 17m,3.2,19
Suhaila Bint Duaim,Mystery,2h 36m,N/A,N/A
Keeper of the Reel,Mystery,46m,N/A,N/A
Tangled Tales: The Movie,Mystery,N/A,N/A,N/A
Miller,Mystery,1h 24m,N/A,N/A
The Rabble Story,Mystery,18m,N/A,N/A
Worship,Mystery,1h 15m,N/A,N/A
Cramp My Style,Mystery,N/A,N/A,N/A
Bhagirathi Missing,Mystery,N/A,N/A,N/A
Mountain Guardians,Mystery,1h 22m,N/A,N/A
Batchack Man - The Peacemakers,Mystery,1h 30m,N/A,N/A
Bet on Black,Mystery,N/A,N/A,N/A
Lacerta,Mystery,N/A,N/A,N/A
Melodies of a Sugar-Coated Blade,Mystery,1h 37m,N/A,N/A
God Vs AI,Mystery,N/A,N/A,N/A
Infrastrata,Mystery,1h 5m,N/A,N/A
A Second Glance,Mystery,N/A,N/A,N/A
Sendero de Sombras (Shadow Trail),Mystery,N/A,N/A,N/A
Mi an Xun Xiong,Mystery,N/A,N/A,N/A
El banquete,Mystery,1h 18m,N/A,N/A
The Cosmic Joker,Mystery,N/A,N/A,N/A
Math,Mystery,N/A,N/A,N/A
Raphael,Mystery,10m,N/A,N/A
Walking Girl,Mystery,N/A,N/A,N/A
Sanket,Mystery,1h 32m,N/A,N/A
Luo Hua Dong Xin Niang,Mystery,N/A,N/A,N/A
The Stooges Cigarette,Mystery,N/A,N/A,N/A
Lealtad o Morir,Mystery,1h 27m,8.5,11
Once Passed On,Mystery,1h 31m,6.6,7
Not One and Not Two,Mystery,1h 12m,5.6,6
Frankenstein in the Mirror,Mystery,1h,N/A,N/A
Think Harder,Mystery,N/A,N/A,N/A
Who Could've Done This?,Mystery,31m,N/A,N/A
Vingança Mascarada,Mystery,N/A,N/A,N/A
Bragow,Mystery,2h,N/A,N/A
Victoria Kelly,Mystery,N/A,N/A,N/A
What I Can Do for You,Mystery,1h 56m,N/A,N/A
Adopt me All hallows Eve II,Mystery,35m,N/A,N/A
By Day They Meet with Darkness,Mystery,N/A,N/A,N/A
These Mortal Coils,Mystery,1h 51m,N/A,N/A
"Disrupted Expectations 4: Art, Words, and Mind Powers",Mystery,1h 33m,N/A,N/A
Painted Smile,Mystery,N/A,N/A,N/A
Rajwant,Mystery,N/A,N/A,N/A
Anomalous Tomsk: Nightmare,Mystery,1h 33m,N/A,N/A
Sweet Osmanthus Flowering Late,Mystery,2h 16m,N/A,N/A
Bob & Milo,Mystery,54m,N/A,N/A
Halloween: The Evil of Michael Myers,Mystery,N/A,N/A,N/A
"The Actor, the Nurse, & The Cryptid",Mystery,2h 11m,N/A,N/A
Ghubar,Mystery,N/A,N/A,N/A
Gregório & as Patricinhas,Mystery,N/A,N/A,N/A
An Angel Knocking on My Door,Mystery,1h,N/A,N/A
Gunehegaar,Mystery,1h 8m,N/A,N/A
Learn to Love Death,Mystery,26m,N/A,N/A
Messpsycho Evil,Mystery,N/A,N/A,N/A
Some Deep-Fried Trouble,Mystery,48m,N/A,N/A
Boxes (or) The Next Life of Brian,Mystery,N/A,N/A,N/A
Di Ren Jie Zhi Kang Long You Hui,Mystery,N/A,N/A,N/A
1999 Hiraeth,Mystery,1h 44m,N/A,N/A
Guess Who,Mystery,N/A,N/A,N/A
zwtral llil3l30T,Mystery,N/A,N/A,N/A
Cities That Live... Die ...Berlin,Mystery,N/A,N/A,N/A
The Last Smile of Ms. Smile,Mystery,N/A,N/A,N/A
Psycho Holibaaz,Mystery,N/A,N/A,N/A
Pharism: Prologue,Mystery,1h 18m,N/A,N/A
Hammitt,Mystery,1h 10m,N/A,N/A
Flick Flick 8,Mystery,4h 44m,N/A,N/A
Dream of Deceit,Mystery,N/A,N/A,N/A
An Adventure into Oblivion,Mystery,57m,N/A,N/A
Haze,Mystery,N/A,N/A,N/A
Nosce Te Ipsum Part Four,Mystery,2h 21m,N/A,N/A
Kamilota,Mystery,N/A,N/A,N/A
Cloud Chamber: The Folded World,Mystery,1h 43m,N/A,N/A
Dhusar Pandulipi,Mystery,N/A,N/A,N/A
Donto Rohoshyo,Mystery,2h 17m,N/A,N/A
Pemburu Saka,Mystery,1h 29m,N/A,N/A
Xun zhao xiao shi de lian ren,Mystery,1h 43m,N/A,N/A
Acceleration Horology,Mystery,N/A,N/A,N/A
The Pandemic Dilemma,Mystery,2h 6m,N/A,N/A
Luk Thep Tom 3,Mystery,1h 10m,N/A,N/A
Unexplained Mysteries of the World,Mystery,N/A,N/A,N/A
Dave Gentic & Headgun,Mystery,57m,N/A,N/A
The Hauntologist,Mystery,55m,N/A,N/A
The Veyshal Movie,Mystery,2h,N/A,N/A
Entre Paris et Leuven,Mystery,1h 47m,N/A,N/A
